-- phpMyAdmin SQL Dump
-- version 3.4.10.1
-- http://www.phpmyadmin.net
--
-- 主机: localhost
-- 生成日期: 2013 年 11 月 16 日 06:57
-- 服务器版本: 5.5.20
-- PHP 版本: 5.3.10

SET SQL_MODE="NO_AUTO_VALUE_ON_ZERO";
SET time_zone = "+00:00";


/*!40101 SET @OLD_CHARACTER_SET_CLIENT=@@CHARACTER_SET_CLIENT */;
/*!40101 SET @OLD_CHARACTER_SET_RESULTS=@@CHARACTER_SET_RESULTS */;
/*!40101 SET @OLD_COLLATION_CONNECTION=@@COLLATION_CONNECTION */;
/*!40101 SET NAMES utf8 */;

--
-- 数据库: `deli`
--

-- --------------------------------------------------------

--
-- 表的结构 `xc_admin`
--

CREATE TABLE IF NOT EXISTS `xc_admin` (
  `id` int(11) NOT NULL AUTO_INCREMENT,
  `adm_name` varchar(20) NOT NULL,
  `adm_pwd` varchar(255) NOT NULL,
  `status` tinyint(1) NOT NULL COMMENT '管理员帐号状态',
  `last_ip` varchar(15) NOT NULL,
  `last_time` int(11) NOT NULL,
  `login_count` int(11) NOT NULL,
  `create_time` int(11) NOT NULL,
  `update_time` int(11) NOT NULL,
  `role_id` int(11) NOT NULL,
  PRIMARY KEY (`id`)
) ENGINE=MyISAM  DEFAULT CHARSET=utf8 AUTO_INCREMENT=15 ;

--
-- 转存表中的数据 `xc_admin`
--

INSERT INTO `xc_admin` (`id`, `adm_name`, `adm_pwd`, `status`, `last_ip`, `last_time`, `login_count`, `create_time`, `update_time`, `role_id`) VALUES
(7, 'admin', '21232f297a57a5a743894a0e4a801fc3', 1, '127.0.0.1', 1383893557, 394, 1257841086, 1262165528, 8),
(9, 'yangxiao', '96e79218965eb72c92a549dd5a330112', 1, '58.246.75.250', 1338772912, 3, 1305864655, 1338772891, 3),
(11, 'test', 'e10adc3949ba59abbe56e057f20f883e', 1, '211.136.138.70', 1339442234, 2, 1338888491, 1339442221, 3);

-- --------------------------------------------------------

--
-- 表的结构 `xc_announcement`
--

CREATE TABLE IF NOT EXISTS `xc_announcement` (
  `id` int(10) NOT NULL AUTO_INCREMENT,
  `title` varchar(255) NOT NULL,
  `url` varchar(255) NOT NULL,
  `author_id` int(10) NOT NULL,
  `last_editor_id` int(10) NOT NULL,
  `content` text NOT NULL,
  `create_time` int(10) NOT NULL,
  `click_count` int(10) NOT NULL,
  `update_time` int(10) NOT NULL,
  `status` tinyint(1) NOT NULL,
  PRIMARY KEY (`id`)
) ENGINE=MyISAM  DEFAULT CHARSET=utf8 AUTO_INCREMENT=17 ;

--
-- 转存表中的数据 `xc_announcement`
--

INSERT INTO `xc_announcement` (`id`, `title`, `url`, `author_id`, `last_editor_id`, `content`, `create_time`, `click_count`, `update_time`, `status`) VALUES
(1, 'AAAA111111111111', 'http://www.baidu.com', 0, 0, 'DASDASDASDASD111111', 1338194254, 14, 1338198785, 1),
(3, '是不被实打实的', '', 0, 0, '<p>傻大个地方但是是</p>\r\n', 1338768502, 12, 1338768892, 1);

-- --------------------------------------------------------

--
-- 表的结构 `xc_article`
--

CREATE TABLE IF NOT EXISTS `xc_article` (
  `id` int(11) NOT NULL AUTO_INCREMENT,
  `name_1` varchar(255) NOT NULL,
  `content_1` text NOT NULL,
  `cate_id` int(11) NOT NULL,
  `create_time` int(11) NOT NULL,
  `update_time` int(11) NOT NULL,
  `ref_link` varchar(255) NOT NULL,
  `author` varchar(255) NOT NULL,
  `click_count` int(11) NOT NULL,
  `sort` int(11) NOT NULL,
  `type` tinyint(1) NOT NULL COMMENT '与所属分类类型一致',
  `preview` varchar(255) NOT NULL,
  `image` varchar(100) NOT NULL COMMENT '图片标题',
  `seokeyword_1` varchar(255) NOT NULL,
  `seocontent_1` varchar(255) NOT NULL,
  `status` tinyint(1) NOT NULL,
  `is_top` tinyint(1) NOT NULL COMMENT '推荐',
  `brief_1` varchar(255) NOT NULL,
  `u_name` varchar(255) NOT NULL,
  `uid` int(10) NOT NULL,
  PRIMARY KEY (`id`),
  KEY `inx_article_001` (`status`,`cate_id`),
  KEY `inx_article_002` (`sort`)
) ENGINE=MyISAM  DEFAULT CHARSET=utf8 COMMENT='活动表' AUTO_INCREMENT=41 ;

--
-- 转存表中的数据 `xc_article`
--

INSERT INTO `xc_article` (`id`, `name_1`, `content_1`, `cate_id`, `create_time`, `update_time`, `ref_link`, `author`, `click_count`, `sort`, `type`, `preview`, `image`, `seokeyword_1`, `seocontent_1`, `status`, `is_top`, `brief_1`, `u_name`, `uid`) VALUES
(1, '测试活动', '测试活动121测试活动121测试活动121测试活动121测试活动121测试活动121测试活动121测试活动121测试活动121测试活动121测试活动121测试活动121测试活动121测试活动121测试活动121', 0, 1333271807, 1333271833, '', '', 36, 1, 2, '', '4f788d9884d4b.jpg', '', '', 1, 1, '撒的打算', '', 2),
(3, '活动标题', '2121', 0, 1333326024, 1333326024, '', '', 23, 2, 2, '', '4f796147c7b9e.jpg', '', '', 1, 0, '啊大声地', '', 2),
(6, '按时大大撒按时大大撒按时大大撒按时大大撒按时大大撒按时大大撒按时大大撒', '按时大大撒按时大大撒按时大大撒按时大大撒按时大大撒按时大大撒按时大大撒按时大大撒', 0, 1333747767, 1333747767, '', '', 30, 4, 2, '', '', '', '', 1, 0, '按时大大撒', '', 2),
(7, '测试数据测试数据测试数据测试数据测试数据', '222222222222222222222222', 1, 1333747808, 1333747808, '', '', 94, 5, 2, '', '', '', '', 1, 1, '212121', '', 2),
(10, '测试数据21212', '11111111111111111111111', 1, 1337993565, 1337993565, '', '', 49, 6, 2, '', '4fc099dcd6fe4.png', '', '', 1, 0, '11111111111111', '', 11),
(11, '草草草草草草草', '草草草草草草草草草草草草草草草草草草草草草草草草草草草草草草草草草草草草草草草草草草草草草草草草草草草草草草草草草草草草草草草草草草草草草草草草草草草草草草草草草草草草草草草草草草草草草草草草草草草草草草草草草草草草草草草草草草草草草草草草草草草草草草草草草草草草草草草草草草草草草草草草草草草草草草草草草草草草草草草草草草草草草草草草草草草草草草草草草草草草草草草草草草草草草草草草草草草草草草草草草草草草草草草草草草草草草草草草草草草草草草草草草草草草草草草草草草草草草草草草草草草草草草草草草草草草草草草草草草草草草草草草草草草草草草草草草草草草草草草草', 0, 1337993629, 1337993850, '', '', 0, 7, 2, '', '4fc09a1d64ddf.png', '', '', 1, 0, '草草草草草草草草草草草草草草草草草草草草草草草草草草草草草草草草草草草草草草草草草草草草草草草草草草草草草草草草草草草草草草草草草草草草草草草草草草草草草草草草草草草草草草草草草草草草草草草草草草草草草草草草草草草草草草草草草草草草草草草草草草草草草草草草草草草草草草草草草草草草草草草草草草草草草草草草草草草草草草草草草', '', 27),
(17, '上海得得活动标题', '上海得得活动内容', 1, 1338182961, 1338182966, '', '', 50, 0, 0, '', '4fc30d317b4ca.jpg', '', '', 1, 0, '上海得得活动介绍撒旦', '', 70),
(35, '范甘迪', '烦得很', 0, 1339401037, 1339401037, '', '', 26, 0, 0, '', '', '', '', 1, 0, ' 回访电话', '', 83),
(36, '合肥更好的风景', '高仿机翻天怪', 0, 1339401044, 1339401044, '', '', 36, 0, 0, '', '', '', '', 1, 0, '很反感', '', 83),
(37, '规费减免', '就', 0, 1339401051, 1339401051, '', '', 44, 0, 0, '', '', '', '', 1, 0, '高仿机', '', 83);

-- --------------------------------------------------------

--
-- 表的结构 `xc_article_cate`
--

CREATE TABLE IF NOT EXISTS `xc_article_cate` (
  `id` int(11) NOT NULL AUTO_INCREMENT,
  `name_1` varchar(255) NOT NULL,
  `pid` int(11) NOT NULL,
  `status` tinyint(1) NOT NULL,
  `seokeyword_1` varchar(255) NOT NULL,
  `seocontent_1` varchar(255) NOT NULL,
  `type` tinyint(1) NOT NULL COMMENT '0:普通 1:系统 2:帮助 3:公告 4:下载',
  `sort` int(11) NOT NULL,
  PRIMARY KEY (`id`),
  KEY `inx_article_cate_001` (`type`),
  KEY `inx_article_cate_002` (`pid`)
) ENGINE=MyISAM  DEFAULT CHARSET=utf8 COMMENT='资讯类型' AUTO_INCREMENT=10 ;

--
-- 转存表中的数据 `xc_article_cate`
--

INSERT INTO `xc_article_cate` (`id`, `name_1`, `pid`, `status`, `seokeyword_1`, `seocontent_1`, `type`, `sort`) VALUES
(1, '最新活动', 0, 1, '', '', 2, 1),
(2, '公司新闻', 0, 1, '', '', 2, 2),
(5, '行业资讯', 0, 1, '', '', 2, 3),
(6, '考试新闻', 0, 1, '', '', 2, 4),
(9, '最新资料', 0, 1, '', '', 2, 5);

-- --------------------------------------------------------

--
-- 表的结构 `xc_article_comment`
--

CREATE TABLE IF NOT EXISTS `xc_article_comment` (
  `id` int(10) NOT NULL AUTO_INCREMENT,
  `content` text NOT NULL,
  `article_id` int(10) NOT NULL,
  `create_time` int(10) NOT NULL,
  `update_time` int(10) NOT NULL,
  `status` tinyint(1) NOT NULL,
  `uid` int(10) NOT NULL,
  PRIMARY KEY (`id`)
) ENGINE=MyISAM  DEFAULT CHARSET=utf8 AUTO_INCREMENT=16 ;

--
-- 转存表中的数据 `xc_article_comment`
--

INSERT INTO `xc_article_comment` (`id`, `content`, `article_id`, `create_time`, `update_time`, `status`, `uid`) VALUES
(8, 'DASDASDASDASDASDAS', 7, 1335777732, 1335777732, 1, 2),
(9, '121212121', 7, 1335777750, 1335777750, 1, 0),
(10, '122222222222222222222', 7, 1335777847, 1335777847, 1, 0),
(11, '212323131', 7, 1335777889, 1335777889, 1, 2),
(12, 'dasda', 6, 1335789098, 1335789098, 1, 0),
(13, 'cdscs', 7, 1337099057, 1337099057, 1, 26),
(14, '请留意', 7, 1338174312, 1338174312, 1, 37),
(15, '的', 30, 1339468548, 1339468548, 1, 83);

-- --------------------------------------------------------

--
-- 表的结构 `xc_attention`
--

CREATE TABLE IF NOT EXISTS `xc_attention` (
  `id` int(10) NOT NULL AUTO_INCREMENT,
  `case_id` int(10) NOT NULL,
  `uid` int(10) NOT NULL,
  `selet_uid` int(10) NOT NULL,
  `create_time` int(10) NOT NULL,
  `status` tinyint(1) NOT NULL,
  PRIMARY KEY (`id`)
) ENGINE=MyISAM DEFAULT CHARSET=utf8 AUTO_INCREMENT=1 ;

-- --------------------------------------------------------

--
-- 表的结构 `xc_booking`
--

CREATE TABLE IF NOT EXISTS `xc_booking` (
  `id` int(10) NOT NULL AUTO_INCREMENT,
  `type` tinyint(1) NOT NULL COMMENT '1为免费量房,2为免费预算,3为免费设计,4为免费咨询,5为活动',
  `mobile` varchar(20) NOT NULL,
  `sex` tinyint(1) NOT NULL,
  `email` varchar(100) NOT NULL,
  `user_name` varchar(30) NOT NULL,
  `create_time` int(10) NOT NULL,
  `uid` int(10) NOT NULL,
  `select_uid` int(10) NOT NULL DEFAULT '0' COMMENT '报名企业uid,0为网站',
  `company_id` int(10) NOT NULL DEFAULT '0',
  `status` tinyint(1) NOT NULL,
  `cate_pid` int(10) NOT NULL DEFAULT '0',
  `cate_id` int(10) NOT NULL DEFAULT '0',
  PRIMARY KEY (`id`)
) ENGINE=MyISAM  DEFAULT CHARSET=utf8 AUTO_INCREMENT=75 ;

--
-- 转存表中的数据 `xc_booking`
--

INSERT INTO `xc_booking` (`id`, `type`, `mobile`, `sex`, `email`, `user_name`, `create_time`, `uid`, `select_uid`, `company_id`, `status`, `cate_pid`, `cate_id`) VALUES
(47, 4, '13588888888', 0, '88888888@qq.com', '上海德力', 1338782847, 39, 2, 1, 1, 0, 0),
(48, 4, '13588888888', 0, '88888888@qq.com', '上海德力', 1338782877, 39, 70, 14, 1, 0, 0),
(52, 4, '13577777771', 1, '1654198@485.com', '123132', 1338789957, 81, 0, 0, 1, 0, 0),
(53, 1, '13599999999', 1, '750905108@qq.com', '123456', 1338790059, 37, 0, 0, 1, 0, 0),
(55, 4, '13599999999', 0, '750905108@qq.com', '123456', 1338790234, 37, 0, 0, 1, 0, 0),
(56, 1, '13588888888', 0, '88888888@qq.com', '上海德力', 1338790560, 39, 0, 0, 1, 0, 0),
(57, 4, '13222222222', 0, '7509051108@qq.com', '凉快2012', 1338790743, 82, 2, 1, 1, 0, 0),
(58, 1, '14788888888', 0, '489@4351.com', '上海灯灯', 1338792147, 83, 0, 0, 1, 0, 0),
(64, 1, '13599999999', 0, '750905108@qq.com', '123456', 1338796001, 37, 0, 0, 1, 0, 0),
(65, 3, '13599999999', 0, '750905108@qq.com', '123456', 1338796005, 37, 0, 0, 1, 0, 0),
(66, 4, '13572727272', 1, '212122111@163.com', '212121', 1339223552, 84, 0, 0, 1, 0, 0),
(67, 4, '13933333333', 1, '45455@qq.com', '放飞', 1339397527, 86, 0, 0, 1, 0, 0),
(74, 4, '14788888888', 0, '489@4351.com', '上海灯灯', 1339468562, 83, 0, 0, 1, 0, 0),
(70, 3, '14788888888', 0, '489@4351.com', '上海灯灯', 1339402724, 83, 0, 0, 1, 0, 0);

-- --------------------------------------------------------

--
-- 表的结构 `xc_brand`
--

CREATE TABLE IF NOT EXISTS `xc_brand` (
  `id` int(11) NOT NULL AUTO_INCREMENT,
  `name_1` varchar(50) DEFAULT NULL,
  `sort` int(10) NOT NULL,
  `url` varchar(255) NOT NULL,
  `logo` varchar(255) NOT NULL,
  `seokeyword_1` varchar(255) NOT NULL,
  `seocontent_1` varchar(255) NOT NULL,
  `create_time` int(10) NOT NULL,
  `update_time` int(10) NOT NULL,
  `status` tinyint(1) NOT NULL,
  `desc_1` varchar(255) NOT NULL,
  PRIMARY KEY (`id`)
) ENGINE=MyISAM  DEFAULT CHARSET=utf8 AUTO_INCREMENT=30 ;

--
-- 转存表中的数据 `xc_brand`
--

INSERT INTO `xc_brand` (`id`, `name_1`, `sort`, `url`, `logo`, `seokeyword_1`, `seocontent_1`, `create_time`, `update_time`, `status`, `desc_1`) VALUES
(25, '合作伙伴名称', 2, 'http://www.baidu.com', '', '', '', 1336081694, 1336081694, 1, '');

-- --------------------------------------------------------

--
-- 表的结构 `xc_case`
--

CREATE TABLE IF NOT EXISTS `xc_case` (
  `id` mediumint(10) NOT NULL AUTO_INCREMENT,
  `name_1` varchar(100) NOT NULL,
  `cate_pid` int(10) NOT NULL COMMENT '关联社区ID',
  `cate_id` int(10) NOT NULL COMMENT '关联户型ID',
  `desinger_id` int(10) NOT NULL COMMENT '关联设计师ID',
  `area` varchar(30) NOT NULL COMMENT '面积',
  `styles` varchar(50) NOT NULL COMMENT '风格',
  `budget` varchar(30) NOT NULL,
  `seokeyword_1` varchar(255) NOT NULL,
  `seocontent_1` varchar(255) NOT NULL,
  `is_top` tinyint(1) NOT NULL,
  `content_1` text NOT NULL,
  `click_count` int(10) NOT NULL,
  `attention_count` int(10) NOT NULL COMMENT '收藏次数',
  `uid` mediumint(8) NOT NULL COMMENT '属于网站用户ID',
  `sort` int(10) NOT NULL,
  `tags` varchar(255) NOT NULL,
  `create_time` int(10) NOT NULL,
  `update_time` int(10) NOT NULL,
  `status` tinyint(1) NOT NULL,
  PRIMARY KEY (`id`)
) ENGINE=MyISAM  DEFAULT CHARSET=utf8 AUTO_INCREMENT=48 ;

--
-- 转存表中的数据 `xc_case`
--

INSERT INTO `xc_case` (`id`, `name_1`, `cate_pid`, `cate_id`, `desinger_id`, `area`, `styles`, `budget`, `seokeyword_1`, `seocontent_1`, `is_top`, `content_1`, `click_count`, `attention_count`, `uid`, `sort`, `tags`, `create_time`, `update_time`, `status`) VALUES
(7, '踩踩踩对的', 1, 3, 1, '150平方', '地中海', '30', '', '', 0, '踩踩踩对的踩踩踩对的踩踩踩对的踩踩踩对的踩踩踩对的踩踩踩对的踩踩踩对的踩踩踩对的踩踩踩对的踩踩踩对的踩踩踩对的踩踩踩对的踩踩踩对的踩踩踩对的踩踩踩对的踩踩踩对的踩踩踩对的踩踩踩对的踩踩踩对的踩踩踩对的踩踩踩对的', 1, 0, 2, 0, '地中海，100w,便宜', 1333678178, 1337178865, 1),
(5, '测试案例22', 1, 3, 1, '102平方', '地中海 ', '120w', '', '', 0, '测试案例22测试案例22测试案例22测试案例22测试案例22测试案例22测试案例22测试案例22测试案例22测试案例22测试案例22测试案例22测试案例22测试案例22', 0, 0, 2, 0, '地中海，漂亮', 1333326343, 1337179019, 1),
(8, '而委屈委屈厄齐尔', 1, 3, 1, '60平方', '田园', '8w', '', '', 0, '而委屈委屈厄齐尔而委屈委屈厄齐尔而委屈委屈厄齐尔而委屈委屈厄齐尔而委屈委屈厄齐尔而委屈委屈厄齐尔而委屈委屈厄齐尔而委屈委屈厄齐尔而委屈委屈厄齐尔而委屈委屈厄齐尔而委屈委屈厄齐尔而委屈委屈厄齐尔而委屈委屈厄齐尔而委屈委屈厄齐尔而委屈委屈厄齐尔而委屈委屈厄齐尔而委屈委屈厄齐尔而委屈委屈厄齐尔而委屈委屈厄齐尔而委屈委屈厄齐尔而委屈委屈厄齐尔而委屈委屈厄齐尔', 2, 0, 2, 0, '', 1333678233, 1333678233, 1),
(9, '1221打算打', 1, 3, 1, '70平方', '地中海', '9w', '', '', 1, '师大的格式符合考虑飞大概更多飞地方就快了；', 17, 0, 2, 0, '地中海，100w,时尚', 1333678289, 1337178967, 1),
(10, '我去问问v', 1, 7, 1, '1000', '地中海田园', '80w', '', '', 0, '我去问问v我去问问v我去问问v我去问问v我去问问v我去问问v我去问问v我去问问v', 5, 0, 2, 0, '地中海，简约，时尚', 1333678344, 1337178904, 1),
(12, '测试案例中心', 1, 6, 4, '100', '田园', '20w', '', '', 0, '啊啊啊啊啊啊啊啊啊啊啊啊啊啊', 0, 0, 2, 0, '田园，风格,100w，港城，简约，时尚', 1337177799, 1337182413, 1),
(20, '得得得得得得', 15, 17, 9, '3', '3', '3', '', '', 1, '3', 0, 0, 70, 0, '', 1338159855, 1338159855, 1),
(39, '个人股', 12, 21, -1, '非', '非', '非', '', '', 0, '非', 0, 0, 83, 0, '非', 1338797249, 1338797249, 1);

-- --------------------------------------------------------

--
-- 表的结构 `xc_category`
--

CREATE TABLE IF NOT EXISTS `xc_category` (
  `id` int(10) NOT NULL AUTO_INCREMENT,
  `name_1` varchar(100) NOT NULL,
  `province_id` int(10) NOT NULL,
  `city_id` int(10) NOT NULL,
  `area_id` int(10) NOT NULL,
  `image` varchar(100) NOT NULL,
  `is_top` tinyint(1) NOT NULL DEFAULT '0',
  `pid` int(10) NOT NULL COMMENT '父ID',
  `letter` varchar(10) NOT NULL COMMENT '首字母',
  `content_1` text NOT NULL,
  `seokeyword_1` varchar(255) NOT NULL,
  `seocontent_1` varchar(255) NOT NULL,
  `uid` mediumint(8) NOT NULL COMMENT '关联用户ID',
  `click_count` int(10) NOT NULL COMMENT '点击数',
  `create_time` int(10) NOT NULL,
  `update_time` int(10) NOT NULL,
  `status` tinyint(1) NOT NULL,
  PRIMARY KEY (`id`)
) ENGINE=MyISAM  DEFAULT CHARSET=utf8 AUTO_INCREMENT=31 ;

--
-- 转存表中的数据 `xc_category`
--

INSERT INTO `xc_category` (`id`, `name_1`, `province_id`, `city_id`, `area_id`, `image`, `is_top`, `pid`, `letter`, `content_1`, `seokeyword_1`, `seocontent_1`, `uid`, `click_count`, `create_time`, `update_time`, `status`) VALUES
(11, '远洋7号', 25, 321, 2705, '', 1, 0, '', '远洋7号远洋7号远洋7号远洋7号远洋7号远洋7号远洋7号远洋7号远洋7号远洋7号', '远洋7号', '', 0, 73, 1333557852, 1333557852, 1),
(12, '东滩花园', 25, 321, 2710, '', 1, 0, '', '东滩花园东滩花园东滩花园东滩花园东滩花园东滩花园东滩花园东滩花园东滩花园东滩花园东滩花园东滩花园东滩花园东滩花园东滩花园东滩花园东滩花园东滩花园东滩花园东滩花园东滩花园东滩花园东滩花园东滩花园东滩花园', '', '', 0, 97, 1333557953, 1333557953, 1),
(13, '信达郡庭别墅', 25, 321, 2707, '', 1, 0, '', '信达郡庭别墅信达郡庭别墅信达郡庭别墅信达郡庭别墅信达郡庭别墅信达郡庭别墅信达郡庭别墅信达郡庭别墅信达郡庭别墅信达郡庭别墅信达郡庭别墅信达郡庭别墅信达郡庭别墅信达郡庭别墅信达郡庭别墅信达郡庭别墅信达郡庭别墅信达郡庭别墅信达郡庭别墅信达郡庭别墅信达郡庭别墅信达郡庭别墅信达郡庭别墅信达郡庭别墅信达郡庭别墅信达郡庭别墅信达郡庭别墅信达郡庭别墅信达郡庭别墅信达郡庭别墅信达郡庭别墅信达郡庭别墅', '信达郡庭别墅', '信达郡庭别墅', 0, 72, 1333558025, 1333558025, 1),
(14, '奥园印象高迪', 25, 321, 2709, '', 1, 0, '', '奥园印象高迪奥园印象高迪奥园印象高迪奥园印象高迪奥园印象高迪奥园印象高迪奥园印象高迪奥园印象高迪奥园印象高迪奥园印象高迪奥园印象高迪奥园印象高迪奥园印象高迪奥园印象高迪奥园印象高迪奥园印象高迪奥园印象高迪奥园印象高迪奥园印象高迪奥园印象高迪', '奥园印象高迪', '奥园印象高迪', 0, 122, 1333558076, 1333558076, 1),
(15, '上海得得', 25, 321, 2704, '', 0, 0, '', '上海得得小区楼盘介绍', '得得', '上海得得', 0, 93, 1338183226, 1338183226, 1),
(18, '富趣味', 25, 321, 2704, '', 1, 15, '', '但是', '的萨芬', '第三方', 0, 6, 1338187406, 1338187536, 1),
(17, '1式1厅', 25, 321, 2704, '', 1, 15, '', '产品介绍', '得得', '得得', 0, 8, 1338186821, 1338186821, 1),
(21, '1式1户', 25, 321, 2710, '', 1, 12, '', '大撒旦', '1式户', '视乎', 0, 5, 1338797219, 1338797219, 1),
(22, '第三个', 25, 321, 2721, '', 0, 0, '', '风格', '使得法国', '梵蒂冈', 0, 51, 1339403032, 1339403032, 1),
(23, '高仿机', 25, 321, 2704, '', 0, 0, '', '回家', '刚回家', '结婚', 0, 44, 1339403104, 1339403104, 1),
(26, '这是户型不是社区', 25, 321, 2704, '', 0, 15, '', '=、=！', '据说他会跑到', '社区的导航里', 0, 2, 1339403599, 1339403599, 1),
(27, '这个是户型11212', 2, 52, 506, '', 0, 2, '', '2121212<br />\r\n', 'ds', '2121', 0, 0, 1339405312, 1339405312, 1),
(28, '小区楼盘名称', 25, 321, 2704, '', 0, 0, '', '介绍　　', '小区', '小企业', 0, 50, 1339468644, 1339468644, 1),
(30, 'hhhhyjyj', 25, 321, 2703, '', 0, 0, '', 'jyjyj', '', '', 0, 48, 1340609008, 1340609008, 1);

-- --------------------------------------------------------

--
-- 表的结构 `xc_cate_gallery`
--

CREATE TABLE IF NOT EXISTS `xc_cate_gallery` (
  `id` int(11) NOT NULL AUTO_INCREMENT,
  `images` varchar(255) NOT NULL,
  `model` varchar(20) DEFAULT NULL COMMENT ' 关联模块',
  `pic_id` int(11) NOT NULL COMMENT '对应关联ID',
  `is_default` tinyint(1) NOT NULL,
  `img_name` varchar(50) NOT NULL,
  `create_time` int(11) NOT NULL,
  `click_count` int(10) NOT NULL,
  PRIMARY KEY (`id`),
  KEY `inx_goods_gallery_001` (`pic_id`),
  KEY `inx_goods_gallery_002` (`is_default`)
) ENGINE=MyISAM  DEFAULT CHARSET=utf8 AUTO_INCREMENT=41 ;

--
-- 转存表中的数据 `xc_cate_gallery`
--

INSERT INTO `xc_cate_gallery` (`id`, `images`, `model`, `pic_id`, `is_default`, `img_name`, `create_time`, `click_count`) VALUES
(1, '4f6612db49b52.jpg', 'Shequ', 5, 0, '', 1332089563, 0),
(2, '4f6612db70fdd.jpg', 'Shequ', 5, 0, '', 1332089563, 0),
(28, '4f7fb7c561d72.png', 'Huxing', 4, 0, '', 1333770182, 0),
(27, '4f7fb7c504c49.jpg', 'Huxing', 4, 0, '', 1333770182, 0),
(26, '4f7fb3c1d5f8d.png', 'Huxing', 3, 0, '', 1333769154, 0),
(25, '4f7fb3c1488f3.jpg', 'Huxing', 3, 0, '', 1333769154, 0),
(30, '4f7fb7f65e9a6.png', 'Huxing', 6, 0, '', 1333770231, 0),
(29, '4f7fb7dfc21e5.jpg', 'Huxing', 7, 0, '', 1333770208, 0),
(17, '4f7c79c9a4b07.jpg', 'Shequ', 1, 0, '', 1333557706, 0),
(16, '4f7c7894d9d52.jpg', 'Shequ', 8, 0, '', 1333557397, 0),
(15, '4f7c787535998.jpg', 'Shequ', 9, 0, '', 1333557365, 0),
(14, '4f7c7862b2187.jpg', 'Shequ', 10, 0, '', 1333557347, 0),
(18, '4f7c7a203cb55.jpg', 'Shequ', 11, 0, '', 1333557792, 0),
(19, '4f7c7a3f82340.jpg', 'Shequ', 11, 0, '', 1333557824, 0),
(20, '4f7c7a5bda23b.jpg', 'Shequ', 11, 0, '', 1333557852, 0),
(21, '4f7c7a76c5ece.jpg', 'Shequ', 2, 0, '', 1333557879, 0),
(22, '4f7c7ac097704.jpg', 'Shequ', 12, 0, '', 1333557953, 0),
(23, '4f7c7b086afbf.jpg', 'Shequ', 13, 0, '', 1333558025, 0),
(24, '4f7c7b3c368a7.jpg', 'Shequ', 14, 0, '', 1333558076, 0),
(31, '4fc30e3a3b564.jpg', 'Shequ', 15, 0, '得得', 1338183226, 0),
(34, '4fc31e39259b0.jpg', 'Huxing', 3, 0, '', 1338187321, 0),
(33, '4fc31c45d65ab.jpg', 'Huxing', 17, 0, '啊万人感染', 1338186821, 0),
(35, '4fc31e8e61e8a.jpg', 'Huxing', 18, 0, '21', 1338187406, 0),
(36, '4fc43a9699d29.jpg', 'Huxing', 19, 0, '得得得', 1338260118, 0),
(37, '4fcc6c35138a1.jpg', 'Shequ', 20, 0, '嗖嗖嗖', 1338797109, 0),
(38, '4fcc6ca38da11.jpg', 'Huxing', 21, 0, '得得', 1338797219, 0),
(39, '4fd5ab18b1fe7.jpg', 'Shequ', 22, 0, '但是', 1339403032, 0),
(40, '4fd5ab605fbc7.jpg', 'Shequ', 23, 0, '结婚', 1339403104, 0);

-- --------------------------------------------------------

--
-- 表的结构 `xc_certificate`
--

CREATE TABLE IF NOT EXISTS `xc_certificate` (
  `id` int(10) NOT NULL AUTO_INCREMENT,
  `name` varchar(100) NOT NULL,
  `content` text NOT NULL,
  `image` varchar(200) NOT NULL,
  `uid` int(10) NOT NULL,
  `create_time` int(10) NOT NULL,
  `update_time` int(10) NOT NULL,
  `status` tinyint(1) NOT NULL,
  PRIMARY KEY (`id`)
) ENGINE=MyISAM  DEFAULT CHARSET=utf8 COMMENT='荣誉证书' AUTO_INCREMENT=32 ;

--
-- 转存表中的数据 `xc_certificate`
--

INSERT INTO `xc_certificate` (`id`, `name`, `content`, `image`, `uid`, `create_time`, `update_time`, `status`) VALUES
(1, 'wqwq', 'wqwq', '4f783b335d130.jpg', 2, 1333279539, 0, 1),
(2, 'wqwq', 'wqwq', '4f783b4e2a506.jpg', 2, 1333279566, 0, 1),
(7, '111', '1', '4fc2eefa17ef1.jpg', 61, 1338175226, 0, 1),
(8, '上海得得证书1', '上海得得证书1', '4fc309e51f811.jpg', 70, 1338182117, 1338182125, 1),
(10, '1', '1', '4fc42bf535b81.jpg', 39, 1338256373, 0, 1),
(11, '2', '2', '4fc42bfd8e1b0.jpg', 39, 1338256381, 0, 1),
(12, '3', '3', '4fc42c062cb38.jpg', 39, 1338256390, 0, 1),
(13, '4', '4', '4fc42c0f80ea6.jpg', 39, 1338256399, 0, 1),
(14, '5', '5', '4fc42c1721f19.jpg', 39, 1338256407, 0, 1),
(31, '地方', '发发呆', '4fd6b10d22ec1.jpg', 90, 1339470093, 0, 1),
(17, '2', '2', '4fcc5af70fe08.jpg', 83, 1338792695, 0, 1),
(19, '3', '3', '4fd5a9d25f3c1.jpg', 83, 1338795474, 1339402706, 1),
(20, '4', '4', '4fcc65dadc77c.jpg', 83, 1338795482, 0, 1),
(21, '5', '5', '4fcc65ea4a3a0.jpg', 83, 1338795498, 0, 1),
(22, '6', '6', '4fcc65f3e7b28.jpg', 83, 1338795508, 0, 1),
(24, 'ju', 'gfg', '4fcdb20cd370b.jpg', 83, 1338880524, 0, 1),
(25, '7i', 'iui', '4fcdb21868bea.jpg', 83, 1338880536, 0, 1),
(26, 'hfdh', 'fdfd', '4fcdb2243a5ba.jpg', 83, 1338880548, 0, 1),
(27, 'fhfgh', 'hghg', '4fcdb23125210.jpg', 83, 1338880561, 0, 1),
(29, 'fhd', 'dsdsd', '4fcdb56dddee9.jpg', 83, 1338881389, 0, 1),
(30, 'fhd', 'dsdsd', '4fcdb57022aea.jpg', 83, 1338881392, 0, 1);

-- --------------------------------------------------------

--
-- 表的结构 `xc_class`
--

CREATE TABLE IF NOT EXISTS `xc_class` (
  `id` int(11) NOT NULL AUTO_INCREMENT,
  `name` varchar(100) NOT NULL COMMENT '课程名称',
  `price` int(11) NOT NULL,
  `create_time` int(11) NOT NULL,
  `desc` text NOT NULL COMMENT '课程关键词',
  `yprice` int(11) NOT NULL COMMENT '原价',
  `sort` int(11) NOT NULL,
  `content` text NOT NULL COMMENT '课程内容',
  `mudi` varchar(500) NOT NULL COMMENT '教学目标',
  `book` varchar(200) NOT NULL COMMENT '教材',
  `objects` varchar(200) NOT NULL COMMENT '适用对象',
  `tradeid` int(11) NOT NULL COMMENT '行业id',
  `styleid` int(11) NOT NULL COMMENT '类型id',
  PRIMARY KEY (`id`)
) ENGINE=MyISAM  DEFAULT CHARSET=utf8 COMMENT='课程' AUTO_INCREMENT=5 ;

--
-- 转存表中的数据 `xc_class`
--

INSERT INTO `xc_class` (`id`, `name`, `price`, `create_time`, `desc`, `yprice`, `sort`, `content`, `mudi`, `book`, `objects`, `tradeid`, `styleid`) VALUES
(4, '中级口译培训班', 2000, 1383611790, '会计电算化', 5000, 1, '加强听力训练，尤其是最为薄弱的听译部分和新闻听力部分的训练。 阅读强化训练段落主旨的把握能力和短问题回答能力。 翻译突出句型结构和文章题材相结合，分析英汉互译特点。 口译以句型结构出发，范围覆盖政策、经济、文化、旅游、国际合作等热门话题，让学生提高英语能力的同时，扩展知识面。1.证书含金量高：上海市紧缺人才培训工程的重点项目，具有大学英语四级和同等英语水平的考生可以报考。获得证书后可以从事一般的生活翻译，陪同翻译，外事接待，以及外贸业务洽谈等工作。 <br />\r\n2.“航母级”师资阵容：强大的专职教师团队，人教育复旦，上外，交大等重点名校的资深兼职教师和翻译口译专家，口译考试考官，有陪同口译和交传经历，口译教学实战经验丰富，猜题命中率高。系统分析翻译、阅读、口译、听力学习要领，从听说读写四个方面，对学生的语言运用能力进行全面的培训 配以历届真题，了解考试信息，做到有的放矢 结合自编资料，理论学习与实战训练相结合', '获得《上海市外语口译岗位资格证书》  发证单位： 上海市口译考试办公室，上海紧缺人才培训工程联席会议办公室', '中级翻译教程，中级阅读教程，中级听力教程，中级口语教程，中级口译教程，中级口译自编资料 。', '    高中水平学员、具有大学英语四级水平尤佳。', 1, 1);

-- --------------------------------------------------------

--
-- 表的结构 `xc_class_book`
--

CREATE TABLE IF NOT EXISTS `xc_class_book` (
  `id` int(11) NOT NULL,
  `name` varchar(200) NOT NULL,
  `content` text NOT NULL COMMENT '说明描述',
  `uid` int(11) NOT NULL DEFAULT '0' COMMENT '用户id 0 游客'
) ENGINE=MyISAM DEFAULT CHARSET=utf8 COMMENT='定制需求';

-- --------------------------------------------------------

--
-- 表的结构 `xc_class_style`
--

CREATE TABLE IF NOT EXISTS `xc_class_style` (
  `name` varchar(200) NOT NULL COMMENT '课程类型名称',
  `status` int(11) NOT NULL DEFAULT '1',
  `sort` int(11) NOT NULL,
  `id` int(11) NOT NULL AUTO_INCREMENT,
  PRIMARY KEY (`id`)
) ENGINE=MyISAM  DEFAULT CHARSET=utf8 COMMENT='课程类型' AUTO_INCREMENT=3 ;

--
-- 转存表中的数据 `xc_class_style`
--

INSERT INTO `xc_class_style` (`name`, `status`, `sort`, `id`) VALUES
('啊啊啊', 1, 1, 1),
('按时发生', 1, 2, 2);

-- --------------------------------------------------------

--
-- 表的结构 `xc_class_trade`
--

CREATE TABLE IF NOT EXISTS `xc_class_trade` (
  `name` varchar(200) NOT NULL COMMENT '行业名称',
  `status` int(11) NOT NULL DEFAULT '1',
  `sort` int(11) NOT NULL,
  `id` int(11) NOT NULL AUTO_INCREMENT,
  PRIMARY KEY (`id`)
) ENGINE=MyISAM  DEFAULT CHARSET=utf8 COMMENT='行业' AUTO_INCREMENT=2 ;

--
-- 转存表中的数据 `xc_class_trade`
--

INSERT INTO `xc_class_trade` (`name`, `status`, `sort`, `id`) VALUES
('啊啊啊的', 1, 1, 1);

-- --------------------------------------------------------

--
-- 表的结构 `xc_comany_address`
--

CREATE TABLE IF NOT EXISTS `xc_comany_address` (
  `id` int(10) NOT NULL AUTO_INCREMENT,
  `name` varchar(100) NOT NULL,
  `address` varchar(255) NOT NULL,
  `create_time` int(10) NOT NULL,
  `update_time` int(10) NOT NULL,
  `status` tinyint(1) NOT NULL,
  `uid` int(10) NOT NULL,
  PRIMARY KEY (`id`)
) ENGINE=MyISAM  DEFAULT CHARSET=utf8 AUTO_INCREMENT=25 ;

--
-- 转存表中的数据 `xc_comany_address`
--

INSERT INTO `xc_comany_address` (`id`, `name`, `address`, `create_time`, `update_time`, `status`, `uid`) VALUES
(20, '徐汇店', '中山南二路555号', 1338310510, 0, 1, 3),
(21, '浦东店', '龙阳路555', 1338310510, 0, 1, 3),
(22, '宋江店', '宋将是是', 1338792449, 0, 1, 83),
(23, '撒打算', '但是', 1338792449, 0, 1, 83),
(24, '等那个', '但该公司入股后', 1339400990, 0, 1, 83);

-- --------------------------------------------------------

--
-- 表的结构 `xc_comment`
--

CREATE TABLE IF NOT EXISTS `xc_comment` (
  `id` int(10) NOT NULL AUTO_INCREMENT,
  `content` text NOT NULL,
  `case_id` int(10) NOT NULL,
  `create_time` int(10) NOT NULL,
  `update_time` int(10) NOT NULL,
  `status` tinyint(1) NOT NULL,
  `model` varchar(100) NOT NULL,
  `uid` int(10) NOT NULL,
  PRIMARY KEY (`id`)
) ENGINE=MyISAM  DEFAULT CHARSET=utf8 AUTO_INCREMENT=32 ;

--
-- 转存表中的数据 `xc_comment`
--

INSERT INTO `xc_comment` (`id`, `content`, `case_id`, `create_time`, `update_time`, `status`, `model`, `uid`) VALUES
(1, '测试说的按时大叔大叔大事', 10, 1335198023, 1335198023, 1, 'Case', 0),
(9, '', 12, 1337795705, 1337795705, 1, 'Case', 2),
(4, '222222222222222222212121', 10, 1335198878, 1335198878, 1, 'Case', 0),
(5, '的大事的大事', 10, 1335198893, 1335198893, 1, 'Case', 0),
(6, '的得到的得到的得到的', 10, 1335198902, 1335198902, 1, 'Case', 0),
(7, 'ttttttyyf hh ', 9, 1335691161, 1335691161, 1, 'Case', 1),
(31, '激活码', 9, 1339470953, 1339470953, 1, 'Case', 0),
(12, '12121', 10, 1337796091, 1337796091, 1, 'Case', 2),
(13, '', 10, 1337796111, 1337796111, 1, 'Case', 2),
(29, 'hkjhk', 43, 1339465977, 1339465977, 1, 'Case', 0),
(16, '212', 12, 1337796256, 1337796256, 1, 'Case', 0),
(17, '我要\r\n\r\n评\r\n  论', 9, 1338173728, 1338173728, 1, 'Case', 37),
(30, '51515', 42, 1339466392, 1339466392, 1, 'Case', 37),
(19, '我要频率', 9, 1338174071, 1338174071, 1, 'Case', 37),
(20, '请留意', 9, 1338174076, 1338174076, 1, 'Case', 37),
(28, 'wqwq', 9, 1339223467, 1339223467, 1, 'Case', 0),
(22, '请留意', 9, 1338174089, 1338174089, 1, 'Case', 37),
(23, '请留意', 7, 1338174246, 1338174246, 1, 'Case', 37),
(24, '请留意', 10, 1338175714, 1338175714, 1, 'Case', 61),
(25, '请留意', 11, 1338185983, 1338185983, 1, 'Case', 37),
(26, '请留意', 15, 1338186051, 1338186051, 1, 'Case', 37);

-- --------------------------------------------------------

--
-- 表的结构 `xc_company`
--

CREATE TABLE IF NOT EXISTS `xc_company` (
  `id` int(10) NOT NULL AUTO_INCREMENT,
  `company_name` varchar(100) NOT NULL,
  `mobile` varchar(30) NOT NULL,
  `tel` varchar(30) NOT NULL,
  `address` varchar(200) NOT NULL COMMENT '总店地址',
  `fax` varchar(30) NOT NULL,
  `email` varchar(100) NOT NULL,
  `desc` text NOT NULL,
  `is_top` tinyint(1) NOT NULL DEFAULT '0',
  `logo` varchar(100) NOT NULL,
  `adv` text NOT NULL,
  `service_area` varchar(255) NOT NULL COMMENT '服务区域',
  `business_scope` varchar(255) NOT NULL COMMENT '业务范围',
  `decoration_pattern` varchar(255) NOT NULL COMMENT '装修模式',
  `service` text NOT NULL COMMENT '服务承诺内容',
  `contact` text NOT NULL COMMENT '联系方式',
  `main_price` int(10) NOT NULL,
  `good_style` varchar(255) NOT NULL,
  `reserv_num` int(10) NOT NULL,
  `design_score` float(10,1) NOT NULL,
  `construc_score` float(10,1) NOT NULL,
  `service_score` float(10,1) NOT NULL,
  `content` text NOT NULL,
  `click_count` int(10) NOT NULL,
  `create_time` int(10) NOT NULL,
  `update_time` int(10) NOT NULL,
  `uid` int(10) NOT NULL,
  `status` tinyint(1) NOT NULL,
  PRIMARY KEY (`id`)
) ENGINE=MyISAM  DEFAULT CHARSET=utf8 AUTO_INCREMENT=21 ;

--
-- 转存表中的数据 `xc_company`
--

INSERT INTO `xc_company` (`id`, `company_name`, `mobile`, `tel`, `address`, `fax`, `email`, `desc`, `is_top`, `logo`, `adv`, `service_area`, `business_scope`, `decoration_pattern`, `service`, `contact`, `main_price`, `good_style`, `reserv_num`, `design_score`, `construc_score`, `service_score`, `content`, `click_count`, `create_time`, `update_time`, `uid`, `status`) VALUES
(1, '上海奥杰设计', '13585772389', '021-38953897', '上海某某路000号地址详情号地址详情', '', '21211@123.com', '“同济经典设计”多年来坚持“以人为本的理念，以满足客户需求为目标，以个性化设计为核心，以高品质施工工艺为基础，以6S金钻工程为保障”的服务理念，秉承“弘扬海派设计风格，引领装修流行趋势”的宗旨，始终站在国际高端家居设计的前沿，在设计中融入个性表达，引导高品位生活方式，提供从装前咨询到室内空间设计、软装搭配、园林、设备、智能家居、施工、装后服务的全程优质服务。以至高品质、至尊品位的追求引领着时尚、创新、个性化的品质生活方式，让上海广大客户真正享受到至尊生活的家居环境。同时定期举办装饰知识专家讲座，引导品质装修装饰世界领先潮流。作为上海十大家装品牌企业、上海家装设计领军企业，“同济经典设计”在上海乃至整个中国的装饰装修行业中具有一定的影响力。“同济经典设计”将最大限度的发挥创意与技术力量，以先进的设计理念、精致典雅的设计作品，安全环保施工工艺、完善周到的装后服务，为客户缔造人性、个性和谐统一的品质生活空间。', 1, '4fb3f0a615061.jpg', '', '卢湾 徐汇 长宁 静安 普陀 闸北 等等', '新房装修 商铺装修 工装', '半包 全包', '<p>\r\n	<p>\r\n		<p>\r\n			&nbsp;&nbsp;&nbsp; 务承诺信息服务承诺信息服务承诺信息服务承诺信息服务承诺信息服务承诺信息服务承诺信息服务承诺信息服务承诺信息服务承诺信息服务承诺信息服务承诺信息服务承诺信息服务承诺信息服务承诺信息服务承诺信息服务承诺信息服务承诺信息服务承诺信息服务承诺信息服务承诺信息服务承诺信息服务承诺信息服务承诺信息服务承诺信息服务承诺信息服务承诺信息服务承诺信息服务承诺信息服务承诺信息服务承诺信息服务承诺信息服务承诺信息服务承诺信息服务承诺信息服务承诺信息服务承诺信息服务承诺信息服务承诺信息服务承诺信息服务承诺信息服务承诺信息服务承诺信息服务承诺信息服务承诺信息服务承诺信息服务承诺信息服务承诺信息服务承诺信息服务承诺信息服务承诺信息服务承诺信息服务承诺信息服务承诺信息服务承诺信息服务承诺信息服务承诺信息服务承诺信息服务承诺信息服务承诺信息服务承诺信息服务承诺信息服务承诺信息服务承诺信息服务承诺信息服务承诺信息服务承诺信息服务承诺信息服务承诺信息服务承诺信息服务承诺信息服务承诺信息服务承诺信息服务承诺信息服务承诺信息服务承诺信息服务承诺信息服务承诺信息服务承诺信息服务承诺信息服务承诺信息服务承诺信息服务承诺信息服务承诺信息服务承诺信息服务承诺信息服务承诺信息服务承诺信息服务承诺信息\r\n		</p>\r\n		<p>\r\n			服务承诺信息服务承诺信息服务承诺信息服务承诺信息服务承诺信息服务承诺信息服务承诺信息服务承诺信息服务承诺信息服务承诺信息服务承诺信息服务承诺信息服务承诺信息服务承诺信息服务承诺信息服务承诺信息服务承诺信息服务承诺信息服务承诺信息服务承诺信息服务承诺信息服务承诺信息服务承诺信息服务承诺信息服务承诺信息服务承诺信息服务承诺信息服务承诺信息服务承诺信息服务承诺信息服务承诺信息服务承诺信息服务承诺信息服务承诺信息服务承诺信息服务承诺信息服务承诺信息服务承诺信息服务承诺信息服务承诺信息服务承诺信息服务承诺信息服务承诺信息服务承诺信息服务承诺信息服务承诺信息服务承诺信息服务承诺信息服务承诺信息服务承诺信息服务承诺信息服务承诺信息服务承诺信息服务承诺信息服务承诺信息服务承诺信息服务承诺信息服务承诺信息服务承诺信息服务承诺信息服务承诺信息服务承诺信息服务承诺信息服务承诺信息服务承诺信息服务承诺信息服务承诺信息服务承诺信息服务承诺信息服务承诺信息服务承诺信息服务承诺信息服务承诺信息服务承诺信息服务承诺信息服务承诺信息服务承诺信息服务承诺信息服务承诺信息服务承诺信息服务承诺信息服务承诺信息服务承诺信息服务承诺信息服务承诺信息服务承诺信息服务承诺信息服务承诺信息服务承诺信息\r\n		</p>\r\n	</p>\r\n	<p>\r\n		&nbsp;\r\n	</p>\r\n</p>\r\n<p>\r\n	&nbsp;\r\n</p>', '<p>\r\n	地址：上海市南京西路993号锦江向阳大厦14楼xxx\r\n</p>\r\n<p>\r\n	邮编： 200041<br />\r\n电话：021-36020078<br />\r\n传真：021-36025078\r\n</p>\r\n<p>\r\n	技术支持qq:1539477856<br />\r\n网站管理qq:85498636<br />\r\n商务合作qq:1550160203<br />\r\n葡萄公社QQ群号：180591889&nbsp;（葡萄公社）&nbsp;<br />\r\nE-mail:xxx@xxx-xxx.com<br />\r\nxxxx浪微博：<a href="http://weibo.com/vinesland">http://weibo.com/vinesland</a> \r\n</p>\r\n<p>\r\n	&nbsp;\r\n</p>', 2, '田园 地中海', 0, 0.0, 0.0, 0.0, '', 0, 0, 1338131354, 2, 1),
(2, '上海信创', '13585772380', '021-38953897', '上海某某路000号地址详情号地址详情', '', 'yangxiao@123.com', '', 1, '', '', '', '', '', '', '', 0, '', 0, 0.0, 0.0, 0.0, '', 0, 0, 0, 10, 0),
(3, '上海信创2', '13585772381', '021-38953897', '上海某某路000号地址详情号地址详情', '', 'yx24211@163.com', '', 0, '', '', '', '', '', '', '', 0, '', 0, 0.0, 0.0, 0.0, '', 0, 0, 0, 11, 0),
(4, '上海德灯信息技术有限公司', '18702199987', '021-31186545', '', '', 'dedeng@sina.cn', '', 1, '', '', '', '', '', '', '', 0, '', 0, 0.0, 0.0, 0.0, '', 0, 0, 0, 28, 0),
(5, '上海德灯', '13533333333', '25325652', '', '', '444@qq.com', '', 1, '', '', '', '', '', '', '', 0, '', 0, 0.0, 0.0, 0.0, '', 0, 0, 0, 33, 0),
(6, '上海德力', '13588888888', '1221111454515', '闸北区测试路测试街测试号', '', '88888888@qq.com', '企业简介', 1, '4fc42cedcecf7.jpg', '', '闸北', '新房装修 商铺装修', '半包', '房价快速打开速度尽可能扩大数据库', '联系方式', 3, '中式风格', 0, 0.0, 0.0, 0.0, '企业介绍', 0, 0, 1338256624, 39, 1),
(7, '上海得力', '13399999999', '56464446', '', '', 'zhujian.zhl@163.com', '', 1, '', '', '', '', '', '', '', 0, '', 0, 0.0, 0.0, 0.0, '', 0, 0, 0, 52, 0),
(8, '上海11', '13444444444', '12222222', '', '', '4544646848468@126.com', '', 0, '', '', '', '', '', '', '', 0, '', 0, 0.0, 0.0, 0.0, '', 0, 0, 0, 54, 0),
(9, '111', '13411111111', '12312312', '', '', '1111111111@110.com', '', 0, '', '', '', '', '', '', '', 0, '', 0, 0.0, 0.0, 0.0, '', 0, 0, 0, 55, -1),
(10, '艺墅会', '13577777777', '12345612', '上海市普陀区xx路xx街xx号', '', '8484469@qq.com', '介绍萨斯菲卡思念对方 ', 1, '4fbd9eb5c9ab2.jpg', '', '普陀', '商铺装修 工装', '全包', '大师傅三分大赛', '阿萨德浪费能量少见多怪', 1, '欧美式', 0, 0.0, 0.0, 0.0, '打算咯达芙妮卡女生短发暗示', 0, 0, 1338175241, 61, 1),
(11, '2121', '13585555555', '12121222', '', '', '12121212@163.com', '2122121', 0, '', '', '', '', '', '', '', -1, '', 0, 0.0, 0.0, 0.0, '21221111111111111111111', 0, 0, 1337889581, 62, 1),
(12, '11111111', '13111111111', '111111111', '', '', '984984@qq.com', '', 0, '', '', '', '', '', '', '', 0, '', 0, 0.0, 0.0, 0.0, '', 0, 0, 0, 65, -1),
(13, '123', '13111111111', '12345645', '', '', '8456@qq.com', '', 0, '', '', '', '', '', '', '', 0, '', 0, 0.0, 0.0, 0.0, '', 0, 0, 0, 66, -1),
(14, '上海得得', '13512312312', '58585254', '上海市静安区xx路xx街xx号', '', 'zhujian.zhl@163.com', '上海得得 得得', 0, '4fc3090dc1db2.jpg', '', '静安', '工装', '半包', '上海得得服务承诺', '上海得得联系方式', 1, '中式', 0, 0.0, 0.0, 0.0, '得得得得得得的得到得得', 0, 0, 1339469284, 70, 1),
(15, '上海灯灯', '14788888888', '123456546', '上海市普陀区xx路xx街xxxxx号', '', '489@4351.com', '企业等等等等等扽', 0, '4fcc591904a56.jpg', '', '普陀', '新房装修,商铺装修,工装', '半包,全包,装修监理', '承诺承诺晨发生的价格囊哦阿萨德噶', '联系方式联系方式凉席方式', 2, '现代简约,田园,欧美式', 0, 0.0, 0.0, 0.0, '等你等你根据那就可能给你人个啊', 0, 0, 1339989585, 83, 1),
(16, '上海 得得', '14799999999', '16516516515', '', '', '1510525@qq.com', '', 0, '', '', '', '', '', '', '', 0, '', 0, 0.0, 0.0, 0.0, '', 0, 0, 0, 89, 0),
(17, '上海    得得', '14799999999', '1515165161', '个', '', '156@qq.com', ' 个散打', 0, '4fd6b0c288005.jpg', '', '共患难', '热负荷', '个', '', '大法师', 1, '好', 0, 0.0, 0.0, 0.0, '个', 0, 0, 1339470062, 90, 1),
(18, 'yang', '13585771111', '15682188811', '', '', '1076815439@qq.com', 'dswre', 0, '', '', '', '', '半包,装修监理', '', '', -1, '现代简约,田园,欧美式,中式风格,地中海,混搭', 0, 0.0, 0.0, 0.0, 'rwe', 0, 0, 1369046536, 91, 1),
(19, '1212', '13512121212', '13581267288', '', '', 'yx2121@163.com', '', 0, '', '', '', '', '', '', '', 0, '', 0, 0.0, 0.0, 0.0, '', 0, 0, 0, 93, 0),
(20, 'ssssss', '13211111111', '54345433', '', '', 'sfsd@126.com', '', 0, '', '', '', '', '', '', '', 0, '', 0, 0.0, 0.0, 0.0, '', 0, 0, 0, 95, 0);

-- --------------------------------------------------------

--
-- 表的结构 `xc_construction`
--

CREATE TABLE IF NOT EXISTS `xc_construction` (
  `id` int(10) NOT NULL AUTO_INCREMENT,
  `name_1` varchar(100) NOT NULL,
  `province_id` int(10) NOT NULL,
  `city_id` int(10) NOT NULL,
  `root_unit` varchar(100) NOT NULL COMMENT '房型',
  `budget` varchar(100) NOT NULL,
  `area` varchar(100) NOT NULL,
  `visit_time` varchar(200) NOT NULL,
  `status_quo` varchar(100) NOT NULL COMMENT '现状',
  `create_time` int(10) NOT NULL,
  `update_time` varchar(10) NOT NULL,
  `uid` int(10) NOT NULL,
  PRIMARY KEY (`id`)
) ENGINE=MyISAM  DEFAULT CHARSET=utf8 AUTO_INCREMENT=37 ;

--
-- 转存表中的数据 `xc_construction`
--

INSERT INTO `xc_construction` (`id`, `name_1`, `province_id`, `city_id`, `root_unit`, `budget`, `area`, `visit_time`, `status_quo`, `create_time`, `update_time`, `uid`) VALUES
(7, '社会导航', 0, 0, '三房一厅', '10w', '上海', '2012-05-26', '', 1338011735, '', 2),
(6, '金尚花园1', 0, 0, '三房一厅1', '201w', '浦东新区1', '2012-06-08', '', 1335725002, '1335725158', 2),
(9, '啊啊11', 0, 0, '大苏打11', '21111', '打算111', '2012-05-29 00:50', '', 1338022207, '1338022635', 27),
(11, '上海得得', 0, 0, '1式1厅', '100万', '上海市静安区', '2012-05-30', '', 1338182280, '', 70),
(19, '在建的的', 0, 0, '撒旦', '是的', '普陀编辑了哦', '2012-05-14 10:09', '', 1338228560, '1338228618', 70),
(20, '奥古斯丁阿萨德任何人', 0, 0, ' 梵蒂冈', '风格', '阿萨德噶', '2012-05-30 11:00', '', 1338231603, '1338231603', 70),
(31, '地方撒旦法', 0, 0, ' 防盗', '辅导费', '发发呆44', '2012-06-13', '', 1339401296, '1339468433', 83),
(32, '地方撒旦', 0, 0, ' 防盗', ' 防盗', '防盗', '2012-06-22', '', 1339401305, '', 83),
(33, '地方 ', 0, 0, '防盗', '防盗', '防盗房', '2012-06-28', '', 1339401315, '', 83),
(34, '风格', 0, 0, ' 房', ' 房', '风格', '2012-06-23', '', 1339401325, '', 83),
(35, '非官方', 0, 0, '更烦', '更烦', ' 更烦', '2012-06-30', '', 1339401334, '', 83);

-- --------------------------------------------------------

--
-- 表的结构 `xc_designer`
--

CREATE TABLE IF NOT EXISTS `xc_designer` (
  `id` int(10) NOT NULL AUTO_INCREMENT,
  `name_1` varchar(30) NOT NULL,
  `image` varchar(100) NOT NULL,
  `sex` tinyint(1) NOT NULL,
  `com_id` int(10) NOT NULL COMMENT '关联的公司ID',
  `email` varchar(50) NOT NULL,
  `mobile` varchar(200) NOT NULL,
  `zip_code` int(10) NOT NULL,
  `province_id` int(10) NOT NULL,
  `city_id` int(10) NOT NULL,
  `address` varchar(200) NOT NULL,
  `good_style` varchar(255) NOT NULL COMMENT '擅长风格',
  `good_project` varchar(255) NOT NULL COMMENT '擅长项目',
  `good_unit` varchar(255) NOT NULL COMMENT '擅长户型',
  `work_years` varchar(30) NOT NULL COMMENT '从业年限',
  `content_1` text NOT NULL COMMENT '介绍',
  `seokeyword_1` varchar(255) NOT NULL,
  `seocontent_1` varchar(255) NOT NULL,
  `qq` varchar(20) NOT NULL,
  `cost` varchar(100) NOT NULL COMMENT '费用',
  `is_top` tinyint(1) NOT NULL,
  `click_count` int(10) NOT NULL COMMENT '阅读数',
  `attention_count` int(10) NOT NULL COMMENT '关注点数',
  `create_time` int(10) NOT NULL,
  `update_time` int(10) NOT NULL,
  `uid` int(10) NOT NULL COMMENT '关联的用户ID',
  `status` tinyint(1) NOT NULL,
  PRIMARY KEY (`id`)
) ENGINE=MyISAM  DEFAULT CHARSET=utf8 AUTO_INCREMENT=33 ;

--
-- 转存表中的数据 `xc_designer`
--

INSERT INTO `xc_designer` (`id`, `name_1`, `image`, `sex`, `com_id`, `email`, `mobile`, `zip_code`, `province_id`, `city_id`, `address`, `good_style`, `good_project`, `good_unit`, `work_years`, `content_1`, `seokeyword_1`, `seocontent_1`, `qq`, `cost`, `is_top`, `click_count`, `attention_count`, `create_time`, `update_time`, `uid`, `status`) VALUES
(4, '杨文涛', '4f9e33ba74180.jpg', 0, 1, '', '13585772399', 0, 0, 0, '', '简约型', '别墅 商铺', '大户型 三房二厅', '5', '完美生活，来自于我的创意设计师简介：国家注册高级设计师，毕业于同济大学室内设计专业，从业八年，有着丰富的家装设计经验擅长风格：简欧风格，新奢华风格，现代简约风格，地中海风格 ，东南亚风格，美式田园风格近期代表作品： 保利叶上海别墅 达安圣巴巴别墅 汤臣豪庭别墅 上海绿城 合生成邦别墅 莱英郡别墅 达安花园 佘山银湖别墅 保华现代城 东方帕堤欧别墅 万源城', '', '', '', '200/平方', 1, 0, 0, 1335767994, 1335767994, 2, 1),
(6, '流氓1', '4fc106b9c92fd.png', 0, 4, '', '135856666418', 0, 0, 0, '', '田园1', '办公室1', '别墅1', '20年', '风水学上的风水学上的风水学上的风水学上的风水学上的风水学上的风水学上的风水学上的风水学上的风水学上的风水学上的风水学上的风水学上的风水学上的风水学上的风水学上的风水学上的风水学上的风水学上的风水学上的风水学上的风水学上的风水学上的风水学上的风水学上的风水学上的风水学上的风水学上的风水学上的风水学上的风水学上的风水学上的风水学上的风水学上的风水学上的风水学上的风水学上的风水学上的风水学上的风水学上的风水学上的风水学上的风水学上的风水学上的风水学上的风水学上的风水学上的风水学上的风水学上的11111111222', '', '', '', '300元/m', 0, 0, 0, 1338020527, 1338021434, 27, 1),
(7, '留名1', '4fc106da3a6f3.png', 0, 5, '', '212222222222', 0, 0, 0, '', '1211222', '211222', '2111222', '12222222', '212122222222222222', '', '', '', '120元/m1', 1, 0, 0, 1338021466, 1338021505, 42, 1),
(9, '得得', '4fc30b1737aff.jpg', 0, 14, '', '13512312222', 0, 0, 0, '', '中式', '擅长项目', '2式1厅', '10', '得得设计师介绍', '', '', '', '1万每平米', 1, 0, 0, 1338182423, 1338182423, 70, 1),
(11, '得得得得得得', '4fc3243053fe2.jpg', 0, 14, '', '1', 0, 0, 0, '', '100', '1', '1', '1', '打算', '', '', '', '100', 0, 0, 0, 1338160048, 1338160048, 70, 1),
(19, 'test', '4fc42f1792bca.jpg', 0, 14, '', '1', 0, 0, 0, '', 'sdfa', '1', '1', '1', '111编辑了哦', '', '', '', '1dfsas', 0, 0, 0, 1338228375, 1338228472, 70, 1),
(27, '低速复苏的', '', 0, 15, '', '房地方', 0, 0, 0, '', '防盗', '地方', '房地方', '防盗防盗', '的防盗', '', '', '', '地方撒旦', 0, 0, 0, 1339401146, 1339401146, 83, 1),
(28, '防盗房', '', 0, 15, '', '房地方', 0, 0, 0, '', '防盗防盗', '防盗房', '的房', '房地方', '&nbsp;的房', '', '', '', ' 地方的', 0, 0, 0, 1339401158, 1339401158, 83, 1),
(29, '地方撒旦法', '', 0, 15, '', ' 阿萨德', 0, 0, 0, '', ' 富士达房', '范德萨房', '撒旦', ' 范德萨', '撒旦法', '', '', '', '撒旦法阿斯蒂芬', 0, 0, 0, 1339401171, 1339401171, 83, 1),
(30, '的萨芬房的', '', 0, 15, '', ' 地方', 0, 0, 0, '', '房但是发', ' 富士达', '富士达房', '防盗房', '&nbsp;辅导费&nbsp;', '', '', '', '大法师发是', 0, 0, 0, 1339401185, 1339401185, 83, 1),
(31, '范德萨阿方索的', '', 0, 15, '', ' 范德萨房', 0, 0, 0, '', ' 的防盗', ' 但是 ', '的的', ' 辅导费房', '范德萨', '', '', '', '防盗是房', 0, 0, 0, 1339401199, 1339401199, 83, 1);

-- --------------------------------------------------------

--
-- 表的结构 `xc_designer_book`
--

CREATE TABLE IF NOT EXISTS `xc_designer_book` (
  `id` int(10) NOT NULL AUTO_INCREMENT,
  `case_id` int(10) NOT NULL,
  `designer_id` int(10) NOT NULL,
  `uid` int(10) NOT NULL COMMENT '预约用户uid',
  `com_uid` int(10) NOT NULL COMMENT '公司uid',
  `create_time` int(10) NOT NULL,
  `update_time` int(10) NOT NULL,
  PRIMARY KEY (`id`)
) ENGINE=MyISAM  DEFAULT CHARSET=utf8 AUTO_INCREMENT=37 ;

--
-- 转存表中的数据 `xc_designer_book`
--

INSERT INTO `xc_designer_book` (`id`, `case_id`, `designer_id`, `uid`, `com_uid`, `create_time`, `update_time`) VALUES
(11, 9, 1, 26, 2, 1337095790, 1337095790),
(15, 11, 1, 61, 2, 1338175504, 1338175504),
(14, 11, 1, 37, 2, 1338174855, 1338174855),
(21, 21, 9, 83, 70, 1338792816, 1338792816),
(20, 11, 1, 82, 2, 1338791175, 1338791175),
(19, 12, 4, 39, 2, 1338259586, 1338259586),
(32, 0, 1, 83, 2, 1338880687, 1338880687),
(33, 0, 23, 83, 83, 1339400325, 1339400325),
(25, 35, 24, 37, 83, 1338796069, 1338796069),
(26, 29, 23, 37, 83, 1338796074, 1338796074),
(27, 28, 22, 37, 83, 1338796079, 1338796079),
(28, 27, 21, 37, 83, 1338796087, 1338796087),
(29, 26, 20, 37, 83, 1338796095, 1338796095),
(30, 22, 9, 37, 70, 1338796143, 1338796143),
(31, 21, 9, 37, 70, 1338796149, 1338796149),
(34, 0, 32, 37, 83, 1339401723, 1339401723),
(35, 42, 22, 37, 83, 1339401732, 1339401732),
(36, 0, 32, 83, 83, 1339402174, 1339402174);

-- --------------------------------------------------------

--
-- 表的结构 `xc_exam`
--

CREATE TABLE IF NOT EXISTS `xc_exam` (
  `id` int(11) NOT NULL AUTO_INCREMENT,
  `name_1` varchar(255) NOT NULL,
  `content_1` text NOT NULL,
  `create_time` int(11) NOT NULL,
  `update_time` int(11) NOT NULL,
  `click_count` int(11) NOT NULL,
  `sort` int(11) NOT NULL,
  `type` tinyint(1) NOT NULL COMMENT '与所属分类类型一致',
  `preview` varchar(255) NOT NULL,
  `image` varchar(100) NOT NULL COMMENT '图片标题',
  `seokeyword_1` varchar(255) NOT NULL,
  `seocontent_1` varchar(255) NOT NULL,
  `status` tinyint(1) NOT NULL,
  `is_top` tinyint(1) NOT NULL COMMENT '推荐',
  `yprice` int(11) NOT NULL COMMENT '原价',
  `price` int(11) NOT NULL COMMENT '现价',
  PRIMARY KEY (`id`)
) ENGINE=MyISAM  DEFAULT CHARSET=utf8 COMMENT='考试表' AUTO_INCREMENT=43 ;

--
-- 转存表中的数据 `xc_exam`
--

INSERT INTO `xc_exam` (`id`, `name_1`, `content_1`, `create_time`, `update_time`, `click_count`, `sort`, `type`, `preview`, `image`, `seokeyword_1`, `seocontent_1`, `status`, `is_top`, `yprice`, `price`) VALUES
(41, '上海师范大学硕士毕业考试', '上海师范大学硕士毕业考试', 0, 0, 0, 2, 2, '', '', '', '', 0, 0, 3000, 1000),
(42, '阿门阿前一个葡萄树', '阿门阿前一个葡萄树<br />\r\n', 0, 0, 0, 3, 2, '', '52775d59ca87e.jpg', '', '', 0, 0, 600, 200);

-- --------------------------------------------------------

--
-- 表的结构 `xc_exam_can`
--

CREATE TABLE IF NOT EXISTS `xc_exam_can` (
  `id` int(11) NOT NULL AUTO_INCREMENT,
  `name_1` varchar(255) NOT NULL,
  `content_1` text NOT NULL,
  `create_time` int(11) NOT NULL,
  `update_time` int(11) NOT NULL,
  `click_count` int(11) NOT NULL,
  `sort` int(11) NOT NULL,
  `status` tinyint(1) NOT NULL,
  `is_top` tinyint(1) NOT NULL COMMENT '推荐',
  `bmtime` varchar(100) NOT NULL COMMENT '报名时间',
  `bmfloor` varchar(200) NOT NULL COMMENT '报名入口',
  `examtime` varchar(200) NOT NULL COMMENT '考试时间',
  `ksfloor` varchar(200) NOT NULL COMMENT '考试入口',
  `cffloor` varchar(200) NOT NULL COMMENT '查分入口',
  `image` varchar(100) NOT NULL,
  PRIMARY KEY (`id`)
) ENGINE=MyISAM  DEFAULT CHARSET=utf8 COMMENT='考试日历' AUTO_INCREMENT=47 ;

--
-- 转存表中的数据 `xc_exam_can`
--

INSERT INTO `xc_exam_can` (`id`, `name_1`, `content_1`, `create_time`, `update_time`, `click_count`, `sort`, `status`, `is_top`, `bmtime`, `bmfloor`, `examtime`, `ksfloor`, `cffloor`, `image`) VALUES
(43, '托福（TOFEL）', '　<strong><a id="bmyq" name="bmyq"></a>报名要求</strong><p>　　报名前，考生须仔细阅读ETS发布的托福网考考生手册（中国版）并同意ETS关于托福网考考试实施、考试报名和成绩报告方面的所有条款，阅读教育部考试中心托福网考报名网站公布的报名程序、费用支付等方面的内容和重要提示及相关网上报名条款。</p>\r\n<p>　　<strong><a id="zjyq" name="zjyq"></a>证件要求</strong></p>\r\n<p>　　托福网考要求考生参加考试时须携带有本人签字的护照或同时携带两类证件，其中至少有一种是一类证件。台湾地区居民必须且只能携带台湾地区居民往来大陆通行证。非中国籍考生只能携带护照参加考试。证件上的姓名和生日等个人信息必须与报名信息完全一致。考生如未携带ETS要求提供的证件或携带证件不符合要求，将被拒绝进入考场，考费不予退还。</p>\r\n<p>　　<strong><a id="dcsj" name="dcsj"></a>考生到达考场时间</strong></p>\r\n<p>　　考生必须至少提前于开考时间30分钟到场。如考试开始时间在上午8:00，则考生须在上午7:30以前到达考场。考场主考有权拒绝晚于此时间到达的考生进入考场。迟到的考生不予退款或安排重考。</p>\r\n<p>　　<strong><a id="grwp" name="grwp"></a>关于个人物品</strong></p>\r\n<p>　　考生可携带托福网考确认和身份证件前往考场。除身份证件之外，任何个人物品都不允许带入考场。个人物品须存放在考场外指定的储物柜。请勿携带贵重物品前往考场，否则遗失恕不负责。</p>\r\n', 0, 0, 0, 1, 0, 0, '随时 ', 'http://www.ets.org/bin/getprogram.cgi?urlSource=toefl&newRegURL=&test=TOEFL&greClosed=new&greClosedCountry=China&browserType=Other&toeflType=&redirect=&t_country1=group_China', '2012年1月8、14日\r\n2012年2月5、11、25日\r\n2012年3月4、10、18、24日\r\n2012年4月14、28日\r\n2012年5月12、20、26日\r\n2012年6月9、17日\r\n2012年7月14、22、28日\r\n2012年8月19、25、26日\r\n2012年9月8、16、22、23日\r\n2012年10月13、27、28日\r\n2012年11月10、18、24日\r\n2012年12月', '网上预定/选择 ', '', ''),
(44, '雅思考试', '<strong>听力</strong><p>　　时间：40分钟</p>\r\n<p>　　考生听四段录音，难度随考试的进行而递增。</p>\r\n<p>　　这些录音包括一些独白及对话、考试将听到不同的英语口音和方言。</p>\r\n<p>　　录音只能听一遍，但会留给考生一些时间阅读问题并记录答案。</p>\r\n<p>　　<strong>学术类阅读</strong></p>\r\n<p>　　时间：60分钟</p>\r\n<p>　　考生将阅读三篇文章并回答文后问题。</p>\r\n<p>　　文章从书本、杂志、期刊及报纸上选取，不需读者具备专业知识。</p>\r\n<p>　　至少有一篇文章包含详细的论证。</p>\r\n<p>　　<strong>培训类阅读</strong></p>\r\n<p>　　时间：60分钟</p>\r\n<p>　　考试的文章以英语国家日常生活素材为基础。</p>\r\n<p>　　考试的文章将从报纸、广告、说明书及书籍中摘取，考察考生对信息的理解及运用的能力。</p>\r\n<p>　　试题包括一篇较长的描述性、而非论证性的文章。</p>\r\n<p>　　<strong>学术类写作</strong></p>\r\n<p>　　时间：60分钟</p>\r\n<p>　　第一部分，要求考生根据给出的表格或图表，写一篇大约150字的文章，考查考生描述及分析数据的能力。</p>\r\n<p>　　第二部分，要求考生针对某个问题或观点，写一篇大约250字的短文，考生要求能够使用恰当语气及语域(包括词汇、语法等)讨论问题，并展开论证。</p>\r\n', 0, 0, 0, 2, 0, 0, '网上报名 随时（详见考试介绍） ', '凡报考中国大陆地区的IELTS考试的考生，均可登录教育部雅思考试网上报名网站http://ielts.etest.edu.cn/， 或雅思考试中文官方网站\r\n\r\nhttp://www.chinaielts.org/，进行报名和付费。', '2012年1月7、12、14日\r\n2012年2月4、9、18、25日\r\n2012年3月8、10、17、31日\r\n2012年4月12、14、21、28日\r\n2012年5月10、12、19、26日\r\n2012年6月9、14、16、30日\r\n2012年7月7、12、21、28日\r\n2012年8月4、9、11、25日\r\n2012年9月1、6、15、22日\r\n2012年10月11、13、20、27日\r\n20', '2012 IELTS考试报名截止、口试时间查询及成绩单寄送日期\r\n\r\n考试日期\r\n	\r\n\r\n类别\r\n	\r\n\r\n报名、转考、退考截止日期\r\n	\r\n\r\n口试时间、考号查询日期\r\n	\r\n\r\n成绩单寄送日期\r\nTest Date 	Module 	Closing Date for Registration/Transfer/Cancellation 	Checking Interview time and', 'http://www.chinaielts.org/ 或 http://ielts.etest.edu.cn/', ''),
(45, '英语中级口译证书考试', '&nbsp;上海外语口译证书培训与考试，是由上海市高校浦东继续教育中心组织开发的继续教育项目，1994年经上海紧缺人才培训工程联席会议办公室确认为上海市紧缺人才培训工程项目（沪成教〔1994〕第19号）。<br />\r\n&nbsp;&nbsp;&nbsp;&nbsp;按照市政府主管部门的文件要求，由“中心”领导、相关政府部门职能处室的领导和资深外语专家组成的上海市外语口译岗位资格证书考试委员会，负责审定外语口译人才培训规格、层次和标准，制订考试大纲，组织编写教材，加强质量控制的指导和监督。考试委员会的日常工作由“中心”下设的口译考试办公室承担。<br />\r\n&nbsp;&nbsp;&nbsp;&nbsp;由于坚持质量标准和严格的组织管理，上海外语口译证书考试已成为上海继续教育领域非学历证书考试项目中规模最大、用人单位认可度最高的项目之一，多次获得政府部门的重要科研成果奖、教材奖等。<br />\r\n&nbsp;&nbsp;&nbsp;&nbsp;上海外语口译证书考试，自1995年6月首期开考到2009年9月，累计已有737805人次报考。<p><span class="STYLE16">　　英语中级口译证书考试分为综合笔试和口试。笔试合格者方能参加口试。<br />\r\n&nbsp;&nbsp;&nbsp; 综合笔试包括听力、阅读、英译汉、汉译英四部分，考试时间为150分钟。<br />\r\n&nbsp;&nbsp;&nbsp; 口试包括口语和口译两部分，约25分钟。<br />\r\n&nbsp;&nbsp;&nbsp; 培训教材为上海紧缺人才培训工程教学系列丛书（第二版），共五册：中级听力教程、中级阅读教程、中级翻译教程、中级口语教程、中级口译教程。考试大纲为上海市英语中级口译岗位资格证书考试大纲（2002年版） </span></p>\r\n<p>　　<a href="http://english.114study.com/kouyi/article438226.html" target="_blank">上海口译完全解读</a></p>\r\n<p>　　相关阅读：</p>\r\n<p>　　<a href="http://english.114study.com/kouyi/article445307.html" target="_blank">上海外语口译考试报名点及考点 上海口译网</a></p>\r\n<p>　　第一部分 Listening Test</p>\r\n<p>　　1.Spot Dictation （30%）</p>\r\n<p>　　1） 拼写错误，但不影响理解的，如：intrest。不扣分</p>\r\n<p>　　2） 每空格写对其中一半词的，给1分。</p>\r\n<p>　　应试指导：</p>\r\n<p>　　1）第一句特征及整体分析（内容、语调及写作风格）</p>\r\n<p>　　2）通篇略读及相关词汇/格局判断</p>\r\n<p>　　每一段第一句及最末一句</p>\r\n<p>　　每一篇文章首尾对应</p>\r\n', 0, 0, 0, 3, 0, 0, '每年6月和12月中下旬。 ', '上海地区考生全部实行网上报名，报名入口http://www.shwyky.net/\r\n外省市报名地点及考点请登录http://english.114study.com/kouyi/article455618.html', '2012年3月18日下午（笔试）\r\n2012年9月中旬的一个双休日\r\n', '考试地点详情请见考试介绍 ', 'http://web.shwyky.net/manage/score_all.asp', ''),
(46, '英语口译基础能力考试', ' 上海外语口译证书培训与考试，是由上海市高校浦东继续教育中心组织开发的继续教育项目，1994年经上海紧缺人才培训工程联席会议办公室确认为上海市紧缺人才培训工程项目（沪成教〔1994〕第19号）。<br />\r\n&nbsp;&nbsp;&nbsp;&nbsp;按照市政府主管部门的文件要求，由“中心”领导、相关政府部门职能处室的领导和资深外语专家组成的上海市外语口译岗位资格证书考试委员会，负责审定外语口译人才培训规格、层次和标准，制订考试大纲，组织编写教材，加强质量控制的指导和监督。考试委员会的日常工作由“中心”下设的口译考试办公室承担。<br />\r\n&nbsp;&nbsp;&nbsp;&nbsp;由于坚持质量标准和严格的组织管理，上海外语口译证书考试已成为上海继续教育领域非学历证书考试项目中规模最大、用人单位认可度最高的项目之一，多次获得政府部门的重要科研成果奖、教材奖等。<br />\r\n&nbsp;&nbsp;&nbsp;&nbsp;上海外语口译证书考试，自1995年6月首期开考到2009年9月，累计已有737805人次报考。<br />\r\n&nbsp;&nbsp;&nbsp; <span class="STYLE16">分为笔试和口试两部分。笔试以听力形式举行，包括听写、听力理解和听译，考试时间为45分钟；口试包括口语和口译，约25分钟。培训教材为上海紧缺人才培训工程教学系列丛书，共三册： 基础听力教程、基础口语教程、基础口译教程。考试大纲为上海市英语口译基础能力证书考试大纲（2005年版） 。</span>            ', 0, 0, 0, 4, 0, 0, '每年6月、12月上旬 ', '上海地区考生全部实行网上报名：http://www.shwyky.net/', '2012年4月上旬的一个双休日\r\n2012年10月上旬的一个双休日', '', 'http://web.shwyky.net/manage/score_all.asp', '');

-- --------------------------------------------------------

--
-- 表的结构 `xc_exam_cate`
--

CREATE TABLE IF NOT EXISTS `xc_exam_cate` (
  `id` int(11) NOT NULL AUTO_INCREMENT,
  `name_1` varchar(255) NOT NULL,
  `status` tinyint(1) NOT NULL,
  `sort` int(11) NOT NULL,
  PRIMARY KEY (`id`)
) ENGINE=MyISAM  DEFAULT CHARSET=utf8 COMMENT='考试类型' AUTO_INCREMENT=3 ;

--
-- 转存表中的数据 `xc_exam_cate`
--

INSERT INTO `xc_exam_cate` (`id`, `name_1`, `status`, `sort`) VALUES
(1, '认证考试', 1, 1),
(2, '培训考试', 1, 2);

-- --------------------------------------------------------

--
-- 表的结构 `xc_flashimg`
--

CREATE TABLE IF NOT EXISTS `xc_flashimg` (
  `id` int(11) NOT NULL AUTO_INCREMENT,
  `title` varchar(50) DEFAULT NULL,
  `sort` int(10) NOT NULL,
  `small` varchar(100) DEFAULT NULL,
  `url` varchar(100) NOT NULL,
  `image` varchar(40) NOT NULL,
  `small_image` varchar(100) DEFAULT NULL,
  `create_time` int(10) NOT NULL,
  `update_time` int(10) NOT NULL,
  `desc` varchar(255) NOT NULL,
  `status` tinyint(1) DEFAULT '1',
  PRIMARY KEY (`id`)
) ENGINE=MyISAM  DEFAULT CHARSET=utf8 AUTO_INCREMENT=10 ;

--
-- 转存表中的数据 `xc_flashimg`
--

INSERT INTO `xc_flashimg` (`id`, `title`, `sort`, `small`, `url`, `image`, `small_image`, `create_time`, `update_time`, `desc`, `status`) VALUES
(1, '广告1', 0, NULL, 'http://www.183.com', '526e6d89ac6da.jpg', NULL, 1331745432, 1331745432, '', 1),
(2, '广告2', 0, NULL, 'http://www.51fan.com', '526e6ee0a8d01.jpg', NULL, 1335666488, 1335666488, '', 1),
(9, 'a', 0, NULL, 'http://www.', '526e6efab0163.jpg', NULL, 1382969083, 1382969083, '', 1);

-- --------------------------------------------------------

--
-- 表的结构 `xc_lang_conf`
--

CREATE TABLE IF NOT EXISTS `xc_lang_conf` (
  `id` int(11) NOT NULL AUTO_INCREMENT,
  `lang_name` varchar(20) NOT NULL,
  `show_name` varchar(255) NOT NULL,
  `time_zone` int(11) NOT NULL,
  `tmpl` varchar(255) NOT NULL,
  `seokeyword` varchar(255) NOT NULL,
  `seocontent` varchar(255) NOT NULL,
  `shop_title` varchar(255) NOT NULL,
  `shop_name` varchar(255) NOT NULL,
  `default` tinyint(1) NOT NULL,
  `currency` int(11) NOT NULL,
  PRIMARY KEY (`id`),
  KEY `inx_lang_conf_001` (`lang_name`)
) ENGINE=MyISAM  DEFAULT CHARSET=utf8 AUTO_INCREMENT=2 ;

--
-- 转存表中的数据 `xc_lang_conf`
--

INSERT INTO `xc_lang_conf` (`id`, `lang_name`, `show_name`, `time_zone`, `tmpl`, `seokeyword`, `seocontent`, `shop_title`, `shop_name`, `default`, `currency`) VALUES
(1, 'zh-cn', '简体中文', 8, 'default', '金鹏', '金鹏', '金鹏', '金鹏', 1, 1);

-- --------------------------------------------------------

--
-- 表的结构 `xc_link`
--

CREATE TABLE IF NOT EXISTS `xc_link` (
  `id` int(11) NOT NULL AUTO_INCREMENT,
  `name_1` varchar(50) DEFAULT NULL,
  `sort` int(10) NOT NULL,
  `url` varchar(255) NOT NULL,
  `logo` varchar(255) NOT NULL,
  `seokeyword_1` varchar(255) NOT NULL,
  `seocontent_1` varchar(255) NOT NULL,
  `create_time` int(10) NOT NULL,
  `update_time` int(10) NOT NULL,
  `status` tinyint(1) NOT NULL,
  `desc_1` varchar(255) NOT NULL,
  PRIMARY KEY (`id`)
) ENGINE=MyISAM  DEFAULT CHARSET=utf8 AUTO_INCREMENT=34 ;

--
-- 转存表中的数据 `xc_link`
--

INSERT INTO `xc_link` (`id`, `name_1`, `sort`, `url`, `logo`, `seokeyword_1`, `seocontent_1`, `create_time`, `update_time`, `status`, `desc_1`) VALUES
(26, '太平洋家居网', 1, 'http://www.taipyang.com', '/Public/upload/link/201205/4fa37232698e0.jpg', '', '', 0, 0, 1, ''),
(27, '百度', 2, 'http://www.baidu.com', '', '', '', 0, 0, 1, '');

-- --------------------------------------------------------

--
-- 表的结构 `xc_log`
--

CREATE TABLE IF NOT EXISTS `xc_log` (
  `id` int(11) NOT NULL AUTO_INCREMENT,
  `log_module` varchar(255) NOT NULL,
  `log_action` varchar(255) NOT NULL,
  `data_id` int(11) NOT NULL COMMENT '操作的相关数据主键',
  `log_time` int(11) NOT NULL,
  `adm_id` int(11) NOT NULL,
  `ip` varchar(255) NOT NULL,
  `log_result` tinyint(4) NOT NULL COMMENT '0:失败 1:成功',
  `log_msg` text NOT NULL,
  PRIMARY KEY (`id`)
) ENGINE=MyISAM  DEFAULT CHARSET=utf8 AUTO_INCREMENT=114 ;

--
-- 转存表中的数据 `xc_log`
--

INSERT INTO `xc_log` (`id`, `log_module`, `log_action`, `data_id`, `log_time`, `adm_id`, `ip`, `log_result`, `log_msg`) VALUES
(83, 'News', 'insert', 0, 1349732042, 7, '58.246.73.214', 1, '添加资讯:ID:17'),
(82, 'News', 'insert', 0, 1349731976, 7, '58.246.73.214', 1, '添加资讯:ID:16'),
(81, 'News', 'insert', 0, 1349731926, 7, '58.246.73.214', 1, '添加资讯:ID:15'),
(80, 'News', 'insert', 0, 1349731814, 7, '58.246.73.214', 1, '添加资讯:ID:14'),
(78, 'Case', 'insert', 0, 1340583312, 7, '211.136.138.70', 1, '添加案例:ID:46'),
(79, 'News', 'foreverdelete', 13, 1345143988, 7, '211.136.138.70', 1, '删除文章:,,,,,,,,,,,ID:13,12,11,9,8,7,6,5,4,3,2,1'),
(77, 'Case', 'insert', 0, 1340583257, 7, '211.136.138.70', 1, '添加案例:ID:45'),
(76, 'Case', 'insert', 0, 1340579917, 7, '211.136.138.70', 1, '添加案例:ID:44'),
(75, 'Public', 'checkLogin', 0, 1339714606, 0, '221.181.104.132', 0, ''),
(73, 'Public', 'checkLogin', 0, 1339714596, 0, '221.181.104.132', 0, ''),
(74, 'Public', 'checkLogin', 0, 1339714601, 0, '221.181.104.132', 0, ''),
(72, 'User', 'update', 1, 1339713109, 7, '221.181.104.132', 1, '修改会员21212'),
(71, 'Public', 'checkLogin', 0, 1339713081, 0, '221.181.104.132', 0, ''),
(70, 'Company', 'update', 15, 1339525784, 7, '221.181.104.132', 1, '编辑公司信息:'),
(69, 'Company', 'update', 15, 1339525715, 7, '221.181.104.132', 1, '编辑公司信息:'),
(63, 'Public', 'checkLogin', 0, 1339442313, 0, '211.136.138.70', 0, ''),
(68, 'Public', 'checkLogin', 0, 1339442508, 0, '211.136.138.70', 0, ''),
(67, 'Public', 'checkLogin', 0, 1339442503, 0, '211.136.138.70', 0, ''),
(66, 'Public', 'checkLogin', 0, 1339442466, 0, '211.136.138.70', 0, ''),
(65, 'Public', 'checkLogin', 0, 1339442458, 0, '211.136.138.70', 0, ''),
(64, 'Public', 'checkLogin', 0, 1339442452, 0, '211.136.138.70', 0, ''),
(84, 'User', 'resume', 93, 1379284875, 7, '127.0.0.1', 1, '恢复会员：1212'),
(85, 'User', 'forbid', 1, 1381035942, 7, '127.0.0.1', 1, '禁用会员：21212'),
(86, 'User', 'resume', 1, 1381035946, 7, '127.0.0.1', 1, '恢复会员：21212'),
(87, 'Designer', 'foreverdelete', 1, 1381092794, 7, '127.0.0.1', 1, '删除文章:,,,,,,,ID:1,3,8,20,21,22,23,25'),
(88, 'Designer', 'foreverdelete', 12, 1381092808, 7, '127.0.0.1', 1, '删除文章:,,,,,ID:12,13,14,16,17,18'),
(89, 'Article', 'foreverdelete', 16, 1381117943, 7, '127.0.0.1', 1, '删除促销活动:,,,,,,,,ID:16,19,22,23,24,25,26,30,33'),
(90, 'Construction', 'foreverdelete', 3, 1381118351, 7, '127.0.0.1', 1, '删除文章:,,,,,,,,,,,ID:3,5,10,14,17,21,22,25,26,27,28,29'),
(91, 'User', 'resume', 95, 1381119367, 7, '127.0.0.1', 1, '恢复会员：ssssss'),
(92, 'Announcement', 'insert', 16, 1381128319, 7, '127.0.0.1', 1, ''),
(93, 'Case', 'insert', 0, 1382555174, 7, '127.0.0.1', 1, '添加案例:ID:47'),
(94, 'User', 'foreverdelete', 1, 1382567104, 7, '127.0.0.1', 1, '删除会员:21212,上海信创2,牛膝,113121,上海信创,上海信创2,1212,刘梦,1111212,1111212,21213,陈志全,Herald,小强,上海德灯信息技术有限公司,11,111,123456,123123,455'),
(95, 'User', 'foreverdelete', 58, 1382567111, 7, '127.0.0.1', 1, '删除会员:杨小洪,艺墅会,2121,000000,上海得得,156,1111111,12341685,sd ,147,165,156,123132,上海灯灯,212121,放飞,1111,yang,nnn,1212'),
(96, 'User', 'foreverdelete', 35, 1382567135, 7, '127.0.0.1', 1, '删除会员:111,ss,123456,1213,上海德力,散打,索尼法律不能,132,桑德诺,善良就可能了,sdas ,123123,撒旦法,1231,123465,123123,123,5465'),
(97, 'User', 'foreverdelete', 94, 1382567143, 7, '127.0.0.1', 1, '删除会员:dddddd,ssssss'),
(98, 'Booking', 'foreverdelete', 1, 1382567282, 7, '127.0.0.1', 1, '删除会员:,,,,,,,,,,,,,,,,,,,'),
(99, 'Booking', 'foreverdelete', 46, 1382567299, 7, '127.0.0.1', 1, '删除会员:,,,,,,,'),
(100, 'Article', 'foreverdelete', 21, 1382567346, 7, '127.0.0.1', 1, '删除促销活动:,,,ID:21,5,39,34'),
(101, 'Public', 'checkLogin', 0, 1383108712, 0, '127.0.0.1', 0, ''),
(102, 'News', 'insert', 0, 1383108875, 7, '127.0.0.1', 1, '添加资讯:ID:18'),
(103, 'News', 'insert', 0, 1383108898, 7, '127.0.0.1', 1, '添加资讯:ID:19'),
(104, 'News', 'insert', 0, 1383108923, 7, '127.0.0.1', 1, '添加资讯:ID:20'),
(105, 'News', 'insert', 0, 1383108943, 7, '127.0.0.1', 1, '添加资讯:ID:21'),
(106, 'ArticleCate', 'insert', 7, 1383516019, 7, '127.0.0.1', 1, '添加文章分类'),
(107, 'ArticleCate', 'insert', 8, 1383516047, 7, '127.0.0.1', 1, '添加文章分类'),
(108, 'ArticleCate', 'foreverdelete', 8, 1383516092, 7, '127.0.0.1', 1, '删除文章分类:ID:8'),
(109, 'ArticleCate', 'foreverdelete', 7, 1383516094, 7, '127.0.0.1', 1, '删除文章分类:ID:7'),
(110, 'Article', 'insert', 0, 1383524565, 7, '127.0.0.1', 1, '添加促销活动:ID:40'),
(111, 'Article', 'foreverdelete', 40, 1383529244, 7, '127.0.0.1', 1, '删除促销活动:ID:40'),
(112, 'Article', 'update', 2, 1383610422, 7, '127.0.0.1', 1, '编辑促销活动:ID:2'),
(113, 'ArticleCate', 'insert', 9, 1383700970, 7, '127.0.0.1', 1, '添加文章分类');

-- --------------------------------------------------------

--
-- 表的结构 `xc_login`
--

CREATE TABLE IF NOT EXISTS `xc_login` (
  `login_id` int(11) NOT NULL AUTO_INCREMENT,
  `uid` int(11) NOT NULL,
  `type_uid` varchar(255) NOT NULL DEFAULT '',
  `type` char(80) NOT NULL,
  `oauth_token` varchar(150) DEFAULT NULL,
  `oauth_token_secret` varchar(150) DEFAULT NULL,
  `is_sync` tinyint(1) NOT NULL,
  PRIMARY KEY (`login_id`)
) ENGINE=MyISAM  DEFAULT CHARSET=utf8 AUTO_INCREMENT=19 ;

--
-- 转存表中的数据 `xc_login`
--

INSERT INTO `xc_login` (`login_id`, `uid`, `type_uid`, `type`, `oauth_token`, `oauth_token_secret`, `is_sync`) VALUES
(1, 35, 'yangeric', 'qq', '5c08ec25b2c44f8fa8a9dc1d5d88b50f', 'a4fedebcd7bbfb3c8a6d52ab0b1735bb', 0),
(2, 35, 'yangeric', 'qq', '5c08ec25b2c44f8fa8a9dc1d5d88b50f', 'a4fedebcd7bbfb3c8a6d52ab0b1735bb', 0),
(3, 68, 'zhujianzhl', 'qq', '99720d3620374129b775cf7d6c96e43d', 'd3105d77e61f60898abf3eb4b20e92c4', 0),
(4, 68, 'zhujianzhl', 'qq', '99720d3620374129b775cf7d6c96e43d', 'd3105d77e61f60898abf3eb4b20e92c4', 0),
(18, 88, 'zhujianzhl', 'qq', '99720d3620374129b775cf7d6c96e43d', 'd3105d77e61f60898abf3eb4b20e92c4', 0),
(17, 88, 'zhujianzhl', 'qq', '99720d3620374129b775cf7d6c96e43d', 'd3105d77e61f60898abf3eb4b20e92c4', 0),
(11, 79, 'zhujianzhl', 'qq', '99720d3620374129b775cf7d6c96e43d', 'd3105d77e61f60898abf3eb4b20e92c4', 0),
(12, 79, 'zhujianzhl', 'qq', '99720d3620374129b775cf7d6c96e43d', 'd3105d77e61f60898abf3eb4b20e92c4', 0);

-- --------------------------------------------------------

--
-- 表的结构 `xc_login_record`
--

CREATE TABLE IF NOT EXISTS `xc_login_record` (
  `id` int(11) NOT NULL AUTO_INCREMENT,
  `session_id` varchar(50) DEFAULT NULL,
  `ip` varchar(15) DEFAULT NULL,
  `create_time` int(11) DEFAULT NULL,
  PRIMARY KEY (`id`),
  KEY `session_id` (`session_id`)
) ENGINE=MyISAM  DEFAULT CHARSET=utf8 AUTO_INCREMENT=45 ;

--
-- 转存表中的数据 `xc_login_record`
--

INSERT INTO `xc_login_record` (`id`, `session_id`, `ip`, `create_time`) VALUES
(42, '67eac4ae5108a420850971478c3ca9ec', '127.0.0.1', 1374560907),
(41, '410e1976de6bcac28ed3f378f4c132e4', '127.0.0.1', 1373523428),
(40, '42782b51d7284059924a836e2087fb2c', '127.0.0.1', 1370582569),
(39, '61911931bbb38d8f060ac1e47db61d94', '127.0.0.1', 1369932693),
(38, '4d70b8066f063b7bf2f1fa9e19b482e6', '127.0.0.1', 1369046389),
(37, '4d70b8066f063b7bf2f1fa9e19b482e6', '127.0.0.1', 1369046379),
(43, 'ppmn8a2ei74q5cj3rmrfj67r84', '127.0.0.1', 1381147861),
(44, 'ppmn8a2ei74q5cj3rmrfj67r84', '127.0.0.1', 1381147899);

-- --------------------------------------------------------

--
-- 表的结构 `xc_major`
--

CREATE TABLE IF NOT EXISTS `xc_major` (
  `id` int(11) NOT NULL AUTO_INCREMENT,
  `name` varchar(100) NOT NULL COMMENT '专业名称',
  `sid` int(11) NOT NULL COMMENT '学习id',
  `content` text NOT NULL COMMENT '描述',
  `sort` int(11) NOT NULL,
  PRIMARY KEY (`id`)
) ENGINE=MyISAM  DEFAULT CHARSET=utf8 COMMENT='专业' AUTO_INCREMENT=3 ;

--
-- 转存表中的数据 `xc_major`
--

INSERT INTO `xc_major` (`id`, `name`, `sid`, `content`, `sort`) VALUES
(1, 'fasdfafsdfasdfasdf', 0, 'fasdfasfasdfasdfasdfadf<br />\r\n', 0);

-- --------------------------------------------------------

--
-- 表的结构 `xc_news`
--

CREATE TABLE IF NOT EXISTS `xc_news` (
  `id` int(11) NOT NULL AUTO_INCREMENT,
  `name_1` varchar(255) NOT NULL,
  `content_1` text NOT NULL,
  `cate_id` int(11) NOT NULL,
  `create_time` int(11) NOT NULL,
  `update_time` int(11) NOT NULL,
  `ref_link` varchar(255) NOT NULL,
  `author` varchar(255) NOT NULL,
  `click_count` int(11) NOT NULL,
  `sort` int(11) NOT NULL,
  `type` tinyint(1) NOT NULL COMMENT '与所属分类类型一致',
  `preview` varchar(255) NOT NULL,
  `image` varchar(100) NOT NULL COMMENT '图片标题',
  `seokeyword_1` varchar(255) NOT NULL,
  `seocontent_1` varchar(255) NOT NULL,
  `status` tinyint(1) NOT NULL,
  `is_top` tinyint(1) NOT NULL COMMENT '置顶',
  `is_recommend` tinyint(1) NOT NULL COMMENT '推荐',
  `brief_1` varchar(255) NOT NULL,
  `u_name` varchar(255) NOT NULL,
  `uid` int(10) NOT NULL,
  PRIMARY KEY (`id`),
  KEY `inx_article_001` (`status`,`cate_id`),
  KEY `inx_article_002` (`sort`)
) ENGINE=MyISAM  DEFAULT CHARSET=utf8 COMMENT='资讯列表' AUTO_INCREMENT=22 ;

--
-- 转存表中的数据 `xc_news`
--

INSERT INTO `xc_news` (`id`, `name_1`, `content_1`, `cate_id`, `create_time`, `update_time`, `ref_link`, `author`, `click_count`, `sort`, `type`, `preview`, `image`, `seokeyword_1`, `seocontent_1`, `status`, `is_top`, `is_recommend`, `brief_1`, `u_name`, `uid`) VALUES
(17, '7.8W搞定90平温馨田园式婚房', '<p>婚房装修，这是美好的开始。美丽爱情走向婚姻殿堂后的现实居所，都说爱情的美好是因为可以充满想像，而生活的现实会磨灭爱情的唯美。婚房装修或多或少影响着婚后夫妻生活的质量，一个共同双手打造的婚房，是他们对自己婚后生活的规划，是幸福的延续。</p>\r\n<p align="center"><img alt="" src="http://sh.tobosu.com/UserImages/company/editUploadfile/20120912/20120912171002_6675.jpg" /></p>\r\n<p>　　客厅的沙发色彩上都是温馨的，有艳丽的红也有温馨的淡黄更有简约的田园感。这个客厅里时刻还会出现童真时刻，８０后的小夫妻总是童真未泯。</p>\r\n<p align="center"><img alt="" src="http://sh.tobosu.com/UserImages/company/editUploadfile/20120912/20120912171015_2304.jpg" /></p>\r\n<p>　　壁挂电视机的墙面上有一对干花装饰，有点儿田园的感觉，也多了一丝温馨。</p>\r\n<p align="center"><img alt="" src="http://sh.tobosu.com/UserImages/company/editUploadfile/20120912/20120912171025_0432.jpg" /></p>\r\n<p>　　客厅整体基调以温馨为主，宽大的落地窗让空间里多了很多自然光线，采光好的空间是灯光效果创造不来的。</p>\r\n<p align="center"><img alt="" src="http://sh.tobosu.com/UserImages/company/editUploadfile/20120912/20120912171037_1374.jpg" /></p>\r\n<p>　　餐厅的采光也非常不错，没有特别的装饰，一切从简。</p>\r\n<p align="center"><img alt="" src="http://sh.tobosu.com/UserImages/company/editUploadfile/20120912/20120912171046_2627.jpg" /></p>\r\n<p>　　从玄关处进门，很分明：一边是鞋柜一边是厨房，功能空间分得很明确却也很实用。</p>\r\n<p align="center"><img alt="" src="http://sh.tobosu.com/UserImages/company/editUploadfile/20120912/20120912171055_3567.jpg" /></p>\r\n<p>　　半开放式的厨房与餐厅在一个空间里，其实这个屋子并没有明确的隔开，都是半开放式的，这考验到了清洁。</p>\r\n<p align="center"><img alt="" src="http://sh.tobosu.com/UserImages/company/editUploadfile/20120912/20120912171105_3258.jpg" /></p>\r\n<p>　　虽然厨房空间不大，但是吧台是８０后装修必备的，这里也少不了。</p>\r\n<p align="center"><img alt="" src="http://sh.tobosu.com/UserImages/company/editUploadfile/20120912/20120912171116_9199.jpg" /></p>\r\n<p>　　卧室里淡淡的田园风，让温馨感弥漫。一排衣柜可以解除四季衣物的收纳问题。</p>\r\n<p align="center"><img alt="" src="http://sh.tobosu.com/UserImages/company/editUploadfile/20120912/20120912171127_4046.jpg" /></p>\r\n<p>　　这一间暂时做为客房，家人来短期居住的卧室。</p>\r\n<p align="center"><img alt="" src="http://sh.tobosu.com/UserImages/company/editUploadfile/20120912/20120912171156_9524.jpg" /></p>\r\n<p>　　卫生间我们做到了干湿分区，这是妻子最理想的要求，这样可以省去很多清洁烦恼。</p>\r\n', 1, 1349732042, 1382937253, '', '', 47, 4, 2, '', '526e6324cf6a2.jpg', '', '', 1, 1, 1, '7.8W搞定90平温馨田园式婚房7.8W搞定90平温馨田园式婚房7.8W搞定90平温馨田园式婚房7.8W搞定90平温馨田园式婚房7.8W搞定90平温馨田园式婚房7.8W搞定90平温馨田园式婚房7.8W搞定90平温馨田园式婚房7.8W搞定90平温馨田园式婚房7.8W搞定90平温馨田园式婚房7.8W搞定90平温馨田园式婚房7.8W搞定90平温馨田园式婚房', '', 0),
(15, '色彩搭出简约小窝', '<div class="detail f14px"><p>极简风格的家装设计已经流行多时，它过分强调家居的空间感，整体利落简练的线条显得相对冰冷。</p>\r\n<p align="center"><img alt="" src="http://sh.tobosu.com/UserImages/company/editUploadfile/20120912/20120912171612_7731.jpg" /></p>\r\n<p>屋主比较喜欢墙面上各种涂鸦风格的装饰画，会让整个客厅空间给人留下了深刻的印象。亮色的皮质沙发，配上这些波普风十足的饰品，打破了客厅的紧张与严肃感，令整个房间添上一抹跳跃的气氛！</p>\r\n<p align="center"><img alt="" src="http://sh.tobosu.com/UserImages/company/editUploadfile/20120912/20120912171624_4766.jpg" />&nbsp;</p>\r\n<p>空间不大的小家里融合了极简风格的设计，将厨房、餐厅和阅读角打造于一体。通天的书架划分出物质和精神食量两大区，家具深浅色调的变化为白色空间带来一丝新意！整体看起来很温馨！</p>\r\n<p align="center">&nbsp;<img alt="" src="http://sh.tobosu.com/UserImages/company/editUploadfile/20120912/20120912171634_0394.jpg" /></p>\r\n<p align="left">暖色的灯光使得餐厅看上去更加简洁优美，搭配线条简练的木质座椅和PVC餐桌，颇具北欧风情！餐厅旁墙上的搁架满足的备餐的需求，充分利用了空间设计！</p>\r\n<p align="center">&nbsp;<img alt="" src="http://sh.tobosu.com/UserImages/company/editUploadfile/20120912/20120912171654_0869.jpg" /></p>\r\n<p align="left">&nbsp;白色的整体厨柜有了大量阳光的陪衬，让细长型的空间显得更加亮堂。厨柜整体采用了现代感的简约设计，线条简洁、造型规整。</p>\r\n<p align="center">&nbsp;<img alt="" src="http://sh.tobosu.com/UserImages/company/editUploadfile/20120912/20120912171703_7748.jpg" /></p>\r\n<p>&nbsp;</p>\r\n<p>留有复古风韵的多屉边柜，一块色彩亮丽的罗马窗帘，搭配现代风格的衣柜，不陈腐的生活会更加美好！<br />\r\n&nbsp;</p>\r\n<p align="center"><img alt="" src="http://sh.tobosu.com/UserImages/company/editUploadfile/20120912/20120912171712_7750.jpg" /></p>\r\n<p>白色的墙砖让卫浴间的视觉效果得到很好的调适，配以线条简明的洁具显得时尚而大气！</p>\r\n  </div>\r\n', 2, 1349731926, 1382938362, '', '', 39, 2, 2, '', '526e677a8e3ba.jpg', '', '', 1, 1, 0, '色彩搭出简约小窝色彩搭出简约小窝色彩搭出简约小窝色彩搭出简约小窝色彩搭出简约小窝色彩搭出简约小窝色彩搭出简约小窝色彩搭出简约小窝色彩搭出简约小窝色彩搭出简约小窝色彩搭出简约小窝色彩搭出简约小窝色彩搭出简约小窝色彩搭出简约小窝色彩搭出简约小窝色彩搭出简约小窝', '', 0),
(16, '看68平空间里的极致卧室卫浴收纳', '都市白领的工作都忙碌的，鉴于业主的工作原因。本案的特别重视纾压设计，这一点特别体现的卧室上。设计师缩小一个房间，让主卧变大，床屋劈面以铁灰色喷漆为底，让黑色电视屏与之呈现多层次色彩。具大量收纳空间的更衣室，门片用轻巧的铝件搭配铁灰色喷漆，与劈面色彩相互呼应。干湿分享的主浴，用清秀的强化玻璃与镜柜设计让空间放大。依屋主需求增加的客浴，特别选用嵌入劈面的马桶，上方为收纳镜柜。<p>重点1让电视隐于无形的设计&nbsp; </p>\r\n<p>　　主卧以铁灰色与白色对比突显现代感，地面用杉木纹超耐磨地板呈现湿润的质感。床屋劈面利用铁灰色色喷漆，将黑色的电视隐于无形，却仍能感受到色彩的层次。 </p>\r\n<p align="center"><img alt="" src="http://sh.tobosu.com/UserImages/company/editUploadfile/20120912/20120912171426_1760.jpg" /></p>\r\n<p>&nbsp;重点2浴室镜柜满足卫浴电器收纳&nbsp; </p>\r\n<p>　　主卧浴室和客用浴室都有充足的收纳功能。主卧用玻璃来隔开淋浴与泡澡区，再设计一整片的镜柜，让空间有扩大的效果。洗脸台的台面，选择黑色人造石，下面为收纳柜。客浴马桶上方为整片镜柜，让狭小的客浴变得宽敞。</p>\r\n<p align="center"><img alt="" src="http://sh.tobosu.com/UserImages/company/editUploadfile/20120912/20120912171435_5200.jpg" /></p>\r\n<p>以一房换取强大收纳空间</p>\r\n<p>　　由于业主自己也非常注重卧室空间，设计师这一缩小一个房间，放大主卧的做法正好不谋而合。并设计一个具有强大收纳功能的更衣室，是实际生活的需求。主卧更衣室的门片选择轻巧的铝框搭配铁灰色的喷漆，与白色空间对比，突显现代感。</p>\r\n', 6, 1349731976, 1382937301, '', '', 39, 3, 2, '', '526e635530810.jpg', '', '', 1, 1, 1, '', '', 0),
(14, ' 为孩子而用心装饰的', '家有幼儿的居家空间，最怕孩子跑来跑去撞到沙发、踢到柜子而受伤，如果因此而限制孩子的行动，家反而成为他们不喜欢的地方。所以设计师在规划空间时，从玄关、客厅、厨房到餐厅都采用开放式，仅运用颜色来区隔空间，从玄关的黄到客厅的线到厨房的白，每个空间都有自己的个性。考虑到预算，舍弃木作，以现成家具为主，以活动式的收纳方便孩子在空间活动。<p align="center"><img alt="" src="http://sh.tobosu.com/UserImages/company/editUploadfile/20120912/20120912171844_3405.jpg" /></p>\r\n<p>　　从玄关到客厅的全部收纳都由家具解决，包含玄关的中高鞋柜、可作为穿鞋的矮柜，旁边的展示柜也可以作为鞋及其他杂物的收纳柜，而客厅则以白色电视柜及原木造型格子来收纳音响、视听等设备。<br />\r\n玩具与书籍收纳</p>\r\n<p align="center"><img alt="" src="http://sh.tobosu.com/UserImages/company/editUploadfile/20120912/20120912171853_0751.jpg" /></p>\r\n<p>　　由于家人在客厅活动，所以特别在角落里规划小孩专属的游戏及阅读空间，为了配合小孩的身高，书柜或置放玩具的柜子都设计得较矮，让他们从小养成自己的习惯。</p>\r\n<p align="center"><img alt="" src="http://sh.tobosu.com/UserImages/company/editUploadfile/20120912/20120912171901_9973.jpg" /></p>\r\n<p>　　女主人非常喜欢做甜品，为了配合女主人这一要求，设计师以多功能的概念设计木作桌子，除了可以作为料理台之外，还可以摆放咖啡机、烤箱及其他小家电。坚固的红橡木台面能作砧板使用，台面下方则为收纳柜及抽屉，让桌子的收纳功能更丰富。家里因为这些丰富的生活用品而倍显温馨。</p>\r\n', 1, 1349731814, 1382938376, '', '', 54, 1, 2, '', '526e6788597d8.jpg', '', '', 1, 0, 1, '家有幼儿的居家空间，最怕孩子跑来跑去撞到沙发、踢到柜子而受伤，如果因此而限制孩子的行动，家反而成为他们不喜欢的地方。所以设计师在规划空间时，从玄关、客厅、厨房到餐厅都采用开放式，仅运用颜色来区隔空间，从玄关的黄到客厅的线到厨房的白，每个空间都有自己的个性。考虑到预算，舍弃木作，以现成家具为主，以活动式的收纳方便孩子在空间活动。\r\n\r\n　　从玄关到客厅的全部收纳都由家具解决，包含玄关的中高鞋柜、可作为穿鞋的矮柜，旁边的展示柜也可以作为鞋及其他杂物的收纳柜，而客厅则以白色电视柜及原木造型格子来收纳音响、视听等', '', 0),
(18, '临高县新镇街中国电信大楼', 'fasdfasdf<br />\r\n', 5, 1383108875, 1383108875, '', 'admin', 0, 5, 2, '', '', 'aa', 'aa', 1, 0, 0, 'fasdfasd', '', 0),
(19, '中国电信一楼金鹏兴海卖场', 'fasdfasdf<br />\r\n', 6, 1383108898, 1383108898, '', 'fasdfas', 0, 6, 2, '', '', 'fasdfa', 'fasdf', 1, 0, 0, 'fasfasd', '', 0),
(20, '三亚市河西区新建路97号', 'fasdfa<br />\r\n', 2, 1383108923, 1383108923, '', 'admin', 0, 7, 2, '', '', 'asdfasdf', 'asdfasdf', 1, 0, 0, 'fasdf', '', 0),
(21, '中国电信金鹏天翼手机大卖场', 'fasdf<br />\r\n', 2, 1383108943, 1383108943, '', '', 0, 8, 2, '', '', 'asdfasdf', 'asdf', 1, 0, 0, 'fasdfasdf', '', 0);

-- --------------------------------------------------------

--
-- 表的结构 `xc_page`
--

CREATE TABLE IF NOT EXISTS `xc_page` (
  `id` int(10) NOT NULL AUTO_INCREMENT,
  `name_1` varchar(100) NOT NULL,
  `seokeyword_1` varchar(255) NOT NULL,
  `seocontent_1` varchar(255) NOT NULL,
  `content_1` text NOT NULL,
  `create_time` int(10) NOT NULL,
  `update_time` int(10) NOT NULL,
  `status` tinyint(1) NOT NULL,
  `sort` int(10) NOT NULL,
  PRIMARY KEY (`id`)
) ENGINE=MyISAM  DEFAULT CHARSET=utf8 AUTO_INCREMENT=11 ;

--
-- 转存表中的数据 `xc_page`
--

INSERT INTO `xc_page` (`id`, `name_1`, `seokeyword_1`, `seocontent_1`, `content_1`, `create_time`, `update_time`, `status`, `sort`) VALUES
(1, '关于得利家居网', '', '', '<a href="./">关于得利家居网</a>', 1337858411, 1337858411, 1, 0),
(2, '广告服务', '', '', '<a href="./">广告服务</a>', 1337858422, 1337858422, 1, 0),
(3, '联系我们', '', '', '<a href="./">联系我们</a>', 1337858433, 1337858433, 1, 0),
(4, '诚聘英才', '', '', '<a href="./">诚聘英才</a>', 1337858451, 1337858451, 1, 0),
(5, '网站律师', '', '', '<a href="./">网站律师</a>', 1337858464, 1337858464, 1, 0),
(7, '注册服务条款', '', '', '注册服务条款注册服务条款注册服务条款注册服务条款注册服务条款注册服务条款注册服务条款注册服务条款注册服务条款注册服务条款注册服务条款注册服务条款注册服务条款', 1338026840, 1338026840, 1, 0);

-- --------------------------------------------------------

--
-- 表的结构 `xc_page_cate`
--

CREATE TABLE IF NOT EXISTS `xc_page_cate` (
  `id` int(11) NOT NULL AUTO_INCREMENT,
  `name_1` varchar(255) NOT NULL,
  `pid` int(11) NOT NULL,
  `status` tinyint(1) NOT NULL,
  `seokeyword_1` varchar(255) NOT NULL,
  `seocontent_1` varchar(255) NOT NULL,
  `sort` int(11) NOT NULL,
  PRIMARY KEY (`id`),
  KEY `inx_article_cate_002` (`pid`)
) ENGINE=MyISAM  DEFAULT CHARSET=utf8 AUTO_INCREMENT=49 ;

-- --------------------------------------------------------

--
-- 表的结构 `xc_pic_gallery`
--

CREATE TABLE IF NOT EXISTS `xc_pic_gallery` (
  `id` int(11) NOT NULL AUTO_INCREMENT,
  `images` varchar(255) NOT NULL,
  `model` varchar(20) DEFAULT NULL COMMENT ' 关联模块',
  `pic_id` int(11) NOT NULL COMMENT '对应关联ID',
  `is_default` tinyint(1) NOT NULL,
  `img_name` varchar(50) NOT NULL,
  `create_time` int(11) NOT NULL,
  `click_count` int(10) NOT NULL,
  PRIMARY KEY (`id`),
  KEY `inx_goods_gallery_001` (`pic_id`),
  KEY `inx_goods_gallery_002` (`is_default`)
) ENGINE=MyISAM  DEFAULT CHARSET=utf8 AUTO_INCREMENT=127 ;

--
-- 转存表中的数据 `xc_pic_gallery`
--

INSERT INTO `xc_pic_gallery` (`id`, `images`, `model`, `pic_id`, `is_default`, `img_name`, `create_time`, `click_count`) VALUES
(35, '4f78a0184858c.jpg', 'Case', 1, 0, '', 1333305370, 0),
(44, '4f7e98b3981b6.jpg', 'Case', 5, 0, '', 1333696693, 0),
(56, '4f9d831daf84c.jpg', 'Case', 11, 0, '', 1335722783, 0),
(36, '4f78a0192a745.jpg', 'Case', 1, 0, '', 1333305370, 0),
(72, '4fc05fa2ce44f.jpg', 'Company', 1, 0, '', 1338007460, 0),
(45, '4f7ec09e93e75.jpg', 'Case', 6, 0, '', 1333706913, 0),
(58, '4f9d840182df7.jpg', 'Case', 11, 0, '', 1335723010, 0),
(59, '4fb3b6c030e0b.jpg', 'Case', 12, 0, '去', 1337177799, 0),
(60, '4fb3b6c264d18.jpg', 'Case', 12, 0, '122', 1337177799, 0),
(61, '4fb3b6c47047d.jpg', 'Case', 12, 0, '', 1337177799, 0),
(25, '4f786664e1b83.jpg', 'Case', 2, 0, '2', 1333290598, 0),
(24, '4f786663eefc1.jpg', 'Case', 2, 0, 'a', 1333290598, 0),
(26, '4f786665afa99.jpg', 'Case', 2, 0, '323', 1333290598, 0),
(27, '4f786d47f1fea.jpg', 'Case', 2, 0, '21', 1333292362, 0),
(28, '4f786d48dadc3.jpg', 'Case', 2, 0, '211', 1333292362, 0),
(29, '4f786d49a6095.jpg', 'Case', 2, 0, '', 1333292362, 0),
(30, '4f7898676d5ea.jpg', 'Case', 3, 0, '', 1333303401, 0),
(31, '4f78986849a1e.jpg', 'Case', 3, 0, '', 1333303401, 0),
(43, '4f7e98b1b0315.jpg', 'Case', 5, 0, 'adsa', 1333696693, 0),
(33, '4f789945dc43c.jpg', 'Case', 4, 0, '', 1333303623, 0),
(34, '4f789946c38de.jpg', 'Case', 4, 0, '', 1333303623, 0),
(46, '4f7ec0a02e378.jpg', 'Case', 6, 0, '', 1333706913, 0),
(47, '4f7ec0df00e2f.jpg', 'Case', 7, 0, '', 1333706977, 0),
(76, '4fc0f094804cd.png', 'Company', 1, 0, '', 1338044566, 0),
(49, '4f7ec11689b76.jpg', 'Case', 8, 0, '', 1333707033, 0),
(50, '4f7ec11824eed.jpg', 'Case', 8, 0, '', 1333707033, 0),
(51, '4f7ec14e55b64.jpg', 'Case', 9, 0, '', 1333707089, 0),
(52, '4f7ec14fd25dc.jpg', 'Case', 9, 0, '', 1333707089, 0),
(53, '4f7ec184b2c80.jpg', 'Case', 10, 0, '', 1333707144, 0),
(54, '4f7ec18699d48.jpg', 'Case', 10, 0, '', 1333707144, 0),
(74, '4fc0eea665da8.png', 'Company', 1, 0, '', 1338044071, 0),
(75, '4fc0eea734b05.png', 'Company', 1, 0, '', 1338044071, 0),
(65, '4fb3d8b3c2b81.png', 'Company', 4, 0, '', 1337186485, 0),
(81, '4fc2e10e36b1e.jpg', 'Company', 6, 0, '', 1338171662, 0),
(80, '4fc2439a2e26e.jpg', 'Company', 1, 0, '', 1338131354, 0),
(82, '4fc2eecd26d36.jpg', 'Case', 13, 0, '1', 1338175181, 0),
(83, '4fc2eecd3bd2d.jpg', 'Case', 13, 0, '2', 1338175181, 0),
(84, '4fc2ef098f518.jpg', 'Company', 10, 0, '', 1338175241, 0),
(85, '4fc3098c2c366.jpg', 'Company', 14, 0, '', 1338182028, 0),
(86, '4fc30bae3a5c9.jpg', 'Case', 14, 0, '12', 1338182574, 0),
(87, '4fc30bbc1406e.jpg', 'Case', 14, 0, '12', 1338182588, 0),
(88, '4fc30bda858e9.jpg', 'Case', 14, 0, '12', 1338182618, 0),
(89, '4fc30c685b8f6.jpg', 'Case', 15, 0, '的', 1338182760, 0),
(90, '4fc30d609c420.jpg', 'Company', 14, 0, '是', 1338183008, 0),
(91, '4fc30d60b6231.jpg', 'Company', 14, 0, '是是', 1338183008, 0),
(92, '4fc322aa60ee9.jpg', 'Case', 16, 0, '是', 1338188458, 0),
(93, '4fc3231ad2729.jpg', 'Case', 17, 0, '1', 1338188570, 0),
(94, '4fc3233b0dae5.jpg', 'Case', 18, 0, '1', 1338188603, 0),
(95, '4fc3235443df4.jpg', 'Case', 19, 0, '2', 1338188628, 0),
(96, '4fc3236f01b99.jpg', 'Case', 20, 0, '3', 1338188655, 0),
(97, '4fc3238986c7c.jpg', 'Case', 21, 0, '4', 1338188681, 0),
(98, '4fc323a156ad7.jpg', 'Case', 22, 0, '5', 1338188705, 0),
(99, '4fc323bbbe704.jpg', 'Case', 23, 0, '7', 1338188731, 0),
(100, '4fc42bde6a356.jpg', 'Company', 6, 0, '', 1338256350, 0),
(101, '4fcc496a436a3.jpg', 'Case', 25, 0, 's', 1338788202, 0),
(102, '4fcc59d88a6f7.jpg', 'Company', 15, 0, '嗖嗖嗖', 1338792409, 0),
(103, '4fcc610b182d9.jpg', 'Case', 26, 0, '11', 1338794251, 0),
(104, '4fcc61188e1c9.jpg', 'Case', 26, 0, '11', 1338794264, 0),
(105, '4fcc6120301c9.jpg', 'Case', 26, 0, '11', 1338794272, 0),
(106, '4fcc614239239.jpg', 'Case', 27, 0, '2', 1338794306, 0),
(107, '4fcc6191da83c.jpg', 'Case', 28, 0, '3', 1338794386, 0),
(108, '4fcc61a21f037.jpg', 'Case', 29, 0, '44', 1338794402, 0),
(109, '4fcc61b4a644d.jpg', 'Case', 30, 0, '555', 1338794420, 0),
(110, '4fcc61c7791a4.jpg', 'Case', 31, 0, '6', 1338794439, 0),
(111, '4fcc61d66a73c.jpg', 'Case', 32, 0, '7', 1338794454, 0),
(112, '4fcc61eb91879.jpg', 'Case', 33, 0, '8', 1338794475, 0),
(113, '4fcc6215ec562.jpg', 'Case', 34, 0, '9', 1338794518, 0),
(114, '4fcc6273c4c95.jpg', 'Case', 35, 0, '5', 1338794611, 0),
(115, '4fcc6287c9e96.jpg', 'Case', 36, 0, '6', 1338794631, 0),
(116, '4fcc629731d40.jpg', 'Case', 37, 0, '7', 1338794647, 0),
(117, '4fcc695697256.jpg', 'Case', 38, 0, '8', 1338796374, 0),
(118, '4fcc6cc1ba87e.jpg', 'Case', 39, 0, '额', 1338797249, 0),
(119, '4fcc7183c1a1b.jpg', 'Company', 11, 0, '是', 1338798468, 0),
(120, '4fcc7183dbfe0.jpg', 'Company', 11, 0, '是', 1338798468, 0),
(121, '4fcc722be8f00.jpg', 'Case', 40, 0, '好', 1338798636, 0),
(122, '4fd5a30ce5fd2.jpg', 'Company', 15, 0, '222', 1339400973, 0),
(123, '4fe81e108baea.jpg', 'Case', 46, 0, '更烦', 1340612112, 0),
(124, '4fe81e10b4eeb.jpg', 'Case', 46, 0, '防盗', 1340612112, 0),
(125, '52688ea673ca1.jpg', 'Case', 47, 0, 'ds', 1382583974, 0),
(126, '52688ea6ab25c.png', 'Case', 47, 0, 'sd', 1382583974, 0);

-- --------------------------------------------------------

--
-- 表的结构 `xc_read_log`
--

CREATE TABLE IF NOT EXISTS `xc_read_log` (
  `id` int(10) NOT NULL AUTO_INCREMENT,
  `announcement_id` int(10) NOT NULL,
  `uid` int(10) NOT NULL,
  `create_time` int(10) NOT NULL,
  PRIMARY KEY (`id`)
) ENGINE=MyISAM  DEFAULT CHARSET=utf8 AUTO_INCREMENT=2 ;

--
-- 转存表中的数据 `xc_read_log`
--

INSERT INTO `xc_read_log` (`id`, `announcement_id`, `uid`, `create_time`) VALUES
(1, 14, 92, 1374654208);

-- --------------------------------------------------------

--
-- 表的结构 `xc_region_conf`
--

CREATE TABLE IF NOT EXISTS `xc_region_conf` (
  `id` int(11) NOT NULL AUTO_INCREMENT,
  `pid` int(11) NOT NULL,
  `name` varchar(50) NOT NULL COMMENT '地区名称',
  `region_level` tinyint(4) NOT NULL COMMENT '1:国 2:省 3:市(县) 4:区(镇)',
  PRIMARY KEY (`id`)
) ENGINE=MyISAM  DEFAULT CHARSET=utf8 AUTO_INCREMENT=3401 ;

--
-- 转存表中的数据 `xc_region_conf`
--

INSERT INTO `xc_region_conf` (`id`, `pid`, `name`, `region_level`) VALUES
(2, 1, '北京', 2),
(3, 1, '安徽', 2),
(4, 1, '福建', 2),
(5, 1, '甘肃', 2),
(6, 1, '广东', 2),
(7, 1, '广西', 2),
(8, 1, '贵州', 2),
(9, 1, '海南', 2),
(10, 1, '河北', 2),
(11, 1, '河南', 2),
(12, 1, '黑龙江', 2),
(13, 1, '湖北', 2),
(14, 1, '湖南', 2),
(15, 1, '吉林', 2),
(16, 1, '江苏', 2),
(17, 1, '江西', 2),
(18, 1, '辽宁', 2),
(19, 1, '内蒙古', 2),
(20, 1, '宁夏', 2),
(21, 1, '青海', 2),
(22, 1, '山东', 2),
(23, 1, '山西', 2),
(24, 1, '陕西', 2),
(25, 1, '上海', 2),
(26, 1, '四川', 2),
(27, 1, '天津', 2),
(28, 1, '西藏', 2),
(29, 1, '新疆', 2),
(30, 1, '云南', 2),
(31, 1, '浙江', 2),
(32, 1, '重庆', 2),
(33, 1, '香港', 2),
(34, 1, '澳门', 2),
(35, 1, '台湾', 2),
(36, 3, '安庆', 3),
(37, 3, '蚌埠', 3),
(38, 3, '巢湖', 3),
(39, 3, '池州', 3),
(40, 3, '滁州', 3),
(41, 3, '阜阳', 3),
(42, 3, '淮北', 3),
(43, 3, '淮南', 3),
(44, 3, '黄山', 3),
(45, 3, '六安', 3),
(46, 3, '马鞍山', 3),
(47, 3, '宿州', 3),
(48, 3, '铜陵', 3),
(49, 3, '芜湖', 3),
(50, 3, '宣城', 3),
(51, 3, '亳州', 3),
(52, 2, '北京', 3),
(53, 4, '福州', 3),
(54, 4, '龙岩', 3),
(55, 4, '南平', 3),
(56, 4, '宁德', 3),
(57, 4, '莆田', 3),
(58, 4, '泉州', 3),
(59, 4, '三明', 3),
(60, 4, '厦门', 3),
(61, 4, '漳州', 3),
(62, 5, '兰州', 3),
(63, 5, '白银', 3),
(64, 5, '定西', 3),
(65, 5, '甘南', 3),
(66, 5, '嘉峪关', 3),
(67, 5, '金昌', 3),
(68, 5, '酒泉', 3),
(69, 5, '临夏', 3),
(70, 5, '陇南', 3),
(71, 5, '平凉', 3),
(72, 5, '庆阳', 3),
(73, 5, '天水', 3),
(74, 5, '武威', 3),
(75, 5, '张掖', 3),
(76, 6, '广州', 3),
(77, 6, '深圳', 3),
(78, 6, '潮州', 3),
(79, 6, '东莞', 3),
(80, 6, '佛山', 3),
(81, 6, '河源', 3),
(82, 6, '惠州', 3),
(83, 6, '江门', 3),
(84, 6, '揭阳', 3),
(85, 6, '茂名', 3),
(86, 6, '梅州', 3),
(87, 6, '清远', 3),
(88, 6, '汕头', 3),
(89, 6, '汕尾', 3),
(90, 6, '韶关', 3),
(91, 6, '阳江', 3),
(92, 6, '云浮', 3),
(93, 6, '湛江', 3),
(94, 6, '肇庆', 3),
(95, 6, '中山', 3),
(96, 6, '珠海', 3),
(97, 7, '南宁', 3),
(98, 7, '桂林', 3),
(99, 7, '百色', 3),
(100, 7, '北海', 3),
(101, 7, '崇左', 3),
(102, 7, '防城港', 3),
(103, 7, '贵港', 3),
(104, 7, '河池', 3),
(105, 7, '贺州', 3),
(106, 7, '来宾', 3),
(107, 7, '柳州', 3),
(108, 7, '钦州', 3),
(109, 7, '梧州', 3),
(110, 7, '玉林', 3),
(111, 8, '贵阳', 3),
(112, 8, '安顺', 3),
(113, 8, '毕节', 3),
(114, 8, '六盘水', 3),
(115, 8, '黔东南', 3),
(116, 8, '黔南', 3),
(117, 8, '黔西南', 3),
(118, 8, '铜仁', 3),
(119, 8, '遵义', 3),
(120, 9, '海口', 3),
(121, 9, '三亚', 3),
(122, 9, '白沙', 3),
(123, 9, '保亭', 3),
(124, 9, '昌江', 3),
(125, 9, '澄迈县', 3),
(126, 9, '定安县', 3),
(127, 9, '东方', 3),
(128, 9, '乐东', 3),
(129, 9, '临高县', 3),
(130, 9, '陵水', 3),
(131, 9, '琼海', 3),
(132, 9, '琼中', 3),
(133, 9, '屯昌县', 3),
(134, 9, '万宁', 3),
(135, 9, '文昌', 3),
(136, 9, '五指山', 3),
(137, 9, '儋州', 3),
(138, 10, '石家庄', 3),
(139, 10, '保定', 3),
(140, 10, '沧州', 3),
(141, 10, '承德', 3),
(142, 10, '邯郸', 3),
(143, 10, '衡水', 3),
(144, 10, '廊坊', 3),
(145, 10, '秦皇岛', 3),
(146, 10, '唐山', 3),
(147, 10, '邢台', 3),
(148, 10, '张家口', 3),
(149, 11, '郑州', 3),
(150, 11, '洛阳', 3),
(151, 11, '开封', 3),
(152, 11, '安阳', 3),
(153, 11, '鹤壁', 3),
(154, 11, '济源', 3),
(155, 11, '焦作', 3),
(156, 11, '南阳', 3),
(157, 11, '平顶山', 3),
(158, 11, '三门峡', 3),
(159, 11, '商丘', 3),
(160, 11, '新乡', 3),
(161, 11, '信阳', 3),
(162, 11, '许昌', 3),
(163, 11, '周口', 3),
(164, 11, '驻马店', 3),
(165, 11, '漯河', 3),
(166, 11, '濮阳', 3),
(167, 12, '哈尔滨', 3),
(168, 12, '大庆', 3),
(169, 12, '大兴安岭', 3),
(170, 12, '鹤岗', 3),
(171, 12, '黑河', 3),
(172, 12, '鸡西', 3),
(173, 12, '佳木斯', 3),
(174, 12, '牡丹江', 3),
(175, 12, '七台河', 3),
(176, 12, '齐齐哈尔', 3),
(177, 12, '双鸭山', 3),
(178, 12, '绥化', 3),
(179, 12, '伊春', 3),
(180, 13, '武汉', 3),
(181, 13, '仙桃', 3),
(182, 13, '鄂州', 3),
(183, 13, '黄冈', 3),
(184, 13, '黄石', 3),
(185, 13, '荆门', 3),
(186, 13, '荆州', 3),
(187, 13, '潜江', 3),
(188, 13, '神农架林区', 3),
(189, 13, '十堰', 3),
(190, 13, '随州', 3),
(191, 13, '天门', 3),
(192, 13, '咸宁', 3),
(193, 13, '襄樊', 3),
(194, 13, '孝感', 3),
(195, 13, '宜昌', 3),
(196, 13, '恩施', 3),
(197, 14, '长沙', 3),
(198, 14, '张家界', 3),
(199, 14, '常德', 3),
(200, 14, '郴州', 3),
(201, 14, '衡阳', 3),
(202, 14, '怀化', 3),
(203, 14, '娄底', 3),
(204, 14, '邵阳', 3),
(205, 14, '湘潭', 3),
(206, 14, '湘西', 3),
(207, 14, '益阳', 3),
(208, 14, '永州', 3),
(209, 14, '岳阳', 3),
(210, 14, '株洲', 3),
(211, 15, '长春', 3),
(212, 15, '吉林', 3),
(213, 15, '白城', 3),
(214, 15, '白山', 3),
(215, 15, '辽源', 3),
(216, 15, '四平', 3),
(217, 15, '松原', 3),
(218, 15, '通化', 3),
(219, 15, '延边', 3),
(220, 16, '南京', 3),
(221, 16, '苏州', 3),
(222, 16, '无锡', 3),
(223, 16, '常州', 3),
(224, 16, '淮安', 3),
(225, 16, '连云港', 3),
(226, 16, '南通', 3),
(227, 16, '宿迁', 3),
(228, 16, '泰州', 3),
(229, 16, '徐州', 3),
(230, 16, '盐城', 3),
(231, 16, '扬州', 3),
(232, 16, '镇江', 3),
(233, 17, '南昌', 3),
(234, 17, '抚州', 3),
(235, 17, '赣州', 3),
(236, 17, '吉安', 3),
(237, 17, '景德镇', 3),
(238, 17, '九江', 3),
(239, 17, '萍乡', 3),
(240, 17, '上饶', 3),
(241, 17, '新余', 3),
(242, 17, '宜春', 3),
(243, 17, '鹰潭', 3),
(244, 18, '沈阳', 3),
(245, 18, '大连', 3),
(246, 18, '鞍山', 3),
(247, 18, '本溪', 3),
(248, 18, '朝阳', 3),
(249, 18, '丹东', 3),
(250, 18, '抚顺', 3),
(251, 18, '阜新', 3),
(252, 18, '葫芦岛', 3),
(253, 18, '锦州', 3),
(254, 18, '辽阳', 3),
(255, 18, '盘锦', 3),
(256, 18, '铁岭', 3),
(257, 18, '营口', 3),
(258, 19, '呼和浩特', 3),
(259, 19, '阿拉善盟', 3),
(260, 19, '巴彦淖尔盟', 3),
(261, 19, '包头', 3),
(262, 19, '赤峰', 3),
(263, 19, '鄂尔多斯', 3),
(264, 19, '呼伦贝尔', 3),
(265, 19, '通辽', 3),
(266, 19, '乌海', 3),
(267, 19, '乌兰察布市', 3),
(268, 19, '锡林郭勒盟', 3),
(269, 19, '兴安盟', 3),
(270, 20, '银川', 3),
(271, 20, '固原', 3),
(272, 20, '石嘴山', 3),
(273, 20, '吴忠', 3),
(274, 20, '中卫', 3),
(275, 21, '西宁', 3),
(276, 21, '果洛', 3),
(277, 21, '海北', 3),
(278, 21, '海东', 3),
(279, 21, '海南', 3),
(280, 21, '海西', 3),
(281, 21, '黄南', 3),
(282, 21, '玉树', 3),
(283, 22, '济南', 3),
(284, 22, '青岛', 3),
(285, 22, '滨州', 3),
(286, 22, '德州', 3),
(287, 22, '东营', 3),
(288, 22, '菏泽', 3),
(289, 22, '济宁', 3),
(290, 22, '莱芜', 3),
(291, 22, '聊城', 3),
(292, 22, '临沂', 3),
(293, 22, '日照', 3),
(294, 22, '泰安', 3),
(295, 22, '威海', 3),
(296, 22, '潍坊', 3),
(297, 22, '烟台', 3),
(298, 22, '枣庄', 3),
(299, 22, '淄博', 3),
(300, 23, '太原', 3),
(301, 23, '长治', 3),
(302, 23, '大同', 3),
(303, 23, '晋城', 3),
(304, 23, '晋中', 3),
(305, 23, '临汾', 3),
(306, 23, '吕梁', 3),
(307, 23, '朔州', 3),
(308, 23, '忻州', 3),
(309, 23, '阳泉', 3),
(310, 23, '运城', 3),
(311, 24, '西安', 3),
(312, 24, '安康', 3),
(313, 24, '宝鸡', 3),
(314, 24, '汉中', 3),
(315, 24, '商洛', 3),
(316, 24, '铜川', 3),
(317, 24, '渭南', 3),
(318, 24, '咸阳', 3),
(319, 24, '延安', 3),
(320, 24, '榆林', 3),
(321, 25, '上海', 3),
(322, 26, '成都', 3),
(323, 26, '绵阳', 3),
(324, 26, '阿坝', 3),
(325, 26, '巴中', 3),
(326, 26, '达州', 3),
(327, 26, '德阳', 3),
(328, 26, '甘孜', 3),
(329, 26, '广安', 3),
(330, 26, '广元', 3),
(331, 26, '乐山', 3),
(332, 26, '凉山', 3),
(333, 26, '眉山', 3),
(334, 26, '南充', 3),
(335, 26, '内江', 3),
(336, 26, '攀枝花', 3),
(337, 26, '遂宁', 3),
(338, 26, '雅安', 3),
(339, 26, '宜宾', 3),
(340, 26, '资阳', 3),
(341, 26, '自贡', 3),
(342, 26, '泸州', 3),
(343, 27, '天津', 3),
(344, 28, '拉萨', 3),
(345, 28, '阿里', 3),
(346, 28, '昌都', 3),
(347, 28, '林芝', 3),
(348, 28, '那曲', 3),
(349, 28, '日喀则', 3),
(350, 28, '山南', 3),
(351, 29, '乌鲁木齐', 3),
(352, 29, '阿克苏', 3),
(353, 29, '阿拉尔', 3),
(354, 29, '巴音郭楞', 3),
(355, 29, '博尔塔拉', 3),
(356, 29, '昌吉', 3),
(357, 29, '哈密', 3),
(358, 29, '和田', 3),
(359, 29, '喀什', 3),
(360, 29, '克拉玛依', 3),
(361, 29, '克孜勒苏', 3),
(362, 29, '石河子', 3),
(363, 29, '图木舒克', 3),
(364, 29, '吐鲁番', 3),
(365, 29, '五家渠', 3),
(366, 29, '伊犁', 3),
(367, 30, '昆明', 3),
(368, 30, '怒江', 3),
(369, 30, '普洱', 3),
(370, 30, '丽江', 3),
(371, 30, '保山', 3),
(372, 30, '楚雄', 3),
(373, 30, '大理', 3),
(374, 30, '德宏', 3),
(375, 30, '迪庆', 3),
(376, 30, '红河', 3),
(377, 30, '临沧', 3),
(378, 30, '曲靖', 3),
(379, 30, '文山', 3),
(380, 30, '西双版纳', 3),
(381, 30, '玉溪', 3),
(382, 30, '昭通', 3),
(383, 31, '杭州', 3),
(384, 31, '湖州', 3),
(385, 31, '嘉兴', 3),
(386, 31, '金华', 3),
(387, 31, '丽水', 3),
(388, 31, '宁波', 3),
(389, 31, '绍兴', 3),
(390, 31, '台州', 3),
(391, 31, '温州', 3),
(392, 31, '舟山', 3),
(393, 31, '衢州', 3),
(394, 32, '重庆', 3),
(395, 33, '香港', 3),
(396, 34, '澳门', 3),
(397, 35, '台湾', 3),
(398, 36, '迎江区', 4),
(399, 36, '大观区', 4),
(400, 36, '宜秀区', 4),
(401, 36, '桐城市', 4),
(402, 36, '怀宁县', 4),
(403, 36, '枞阳县', 4),
(404, 36, '潜山县', 4),
(405, 36, '太湖县', 4),
(406, 36, '宿松县', 4),
(407, 36, '望江县', 4),
(408, 36, '岳西县', 4),
(409, 37, '中市区', 4),
(410, 37, '东市区', 4),
(411, 37, '西市区', 4),
(412, 37, '郊区', 4),
(413, 37, '怀远县', 4),
(414, 37, '五河县', 4),
(415, 37, '固镇县', 4),
(416, 38, '居巢区', 4),
(417, 38, '庐江县', 4),
(418, 38, '无为县', 4),
(419, 38, '含山县', 4),
(420, 38, '和县', 4),
(421, 39, '贵池区', 4),
(422, 39, '东至县', 4),
(423, 39, '石台县', 4),
(424, 39, '青阳县', 4),
(425, 40, '琅琊区', 4),
(426, 40, '南谯区', 4),
(427, 40, '天长市', 4),
(428, 40, '明光市', 4),
(429, 40, '来安县', 4),
(430, 40, '全椒县', 4),
(431, 40, '定远县', 4),
(432, 40, '凤阳县', 4),
(433, 41, '蚌山区', 4),
(434, 41, '龙子湖区', 4),
(435, 41, '禹会区', 4),
(436, 41, '淮上区', 4),
(437, 41, '颍州区', 4),
(438, 41, '颍东区', 4),
(439, 41, '颍泉区', 4),
(440, 41, '界首市', 4),
(441, 41, '临泉县', 4),
(442, 41, '太和县', 4),
(443, 41, '阜南县', 4),
(444, 41, '颖上县', 4),
(445, 42, '相山区', 4),
(446, 42, '杜集区', 4),
(447, 42, '烈山区', 4),
(448, 42, '濉溪县', 4),
(449, 43, '田家庵区', 4),
(450, 43, '大通区', 4),
(451, 43, '谢家集区', 4),
(452, 43, '八公山区', 4),
(453, 43, '潘集区', 4),
(454, 43, '凤台县', 4),
(455, 44, '屯溪区', 4),
(456, 44, '黄山区', 4),
(457, 44, '徽州区', 4),
(458, 44, '歙县', 4),
(459, 44, '休宁县', 4),
(460, 44, '黟县', 4),
(461, 44, '祁门县', 4),
(462, 45, '金安区', 4),
(463, 45, '裕安区', 4),
(464, 45, '寿县', 4),
(465, 45, '霍邱县', 4),
(466, 45, '舒城县', 4),
(467, 45, '金寨县', 4),
(468, 45, '霍山县', 4),
(469, 46, '雨山区', 4),
(470, 46, '花山区', 4),
(471, 46, '金家庄区', 4),
(472, 46, '当涂县', 4),
(473, 47, '埇桥区', 4),
(474, 47, '砀山县', 4),
(475, 47, '萧县', 4),
(476, 47, '灵璧县', 4),
(477, 47, '泗县', 4),
(478, 48, '铜官山区', 4),
(479, 48, '狮子山区', 4),
(480, 48, '郊区', 4),
(481, 48, '铜陵县', 4),
(482, 49, '镜湖区', 4),
(483, 49, '弋江区', 4),
(484, 49, '鸠江区', 4),
(485, 49, '三山区', 4),
(486, 49, '芜湖县', 4),
(487, 49, '繁昌县', 4),
(488, 49, '南陵县', 4),
(489, 50, '宣州区', 4),
(490, 50, '宁国市', 4),
(491, 50, '郎溪县', 4),
(492, 50, '广德县', 4),
(493, 50, '泾县', 4),
(494, 50, '绩溪县', 4),
(495, 50, '旌德县', 4),
(496, 51, '涡阳县', 4),
(497, 51, '蒙城县', 4),
(498, 51, '利辛县', 4),
(499, 51, '谯城区', 4),
(500, 52, '东城区', 4),
(501, 52, '西城区', 4),
(502, 52, '海淀区', 4),
(503, 52, '朝阳区', 4),
(504, 52, '崇文区', 4),
(505, 52, '宣武区', 4),
(506, 52, '丰台区', 4),
(507, 52, '石景山区', 4),
(508, 52, '房山区', 4),
(509, 52, '门头沟区', 4),
(510, 52, '通州区', 4),
(511, 52, '顺义区', 4),
(512, 52, '昌平区', 4),
(513, 52, '怀柔区', 4),
(514, 52, '平谷区', 4),
(515, 52, '大兴区', 4),
(516, 52, '密云县', 4),
(517, 52, '延庆县', 4),
(518, 53, '鼓楼区', 4),
(519, 53, '台江区', 4),
(520, 53, '仓山区', 4),
(521, 53, '马尾区', 4),
(522, 53, '晋安区', 4),
(523, 53, '福清市', 4),
(524, 53, '长乐市', 4),
(525, 53, '闽侯县', 4),
(526, 53, '连江县', 4),
(527, 53, '罗源县', 4),
(528, 53, '闽清县', 4),
(529, 53, '永泰县', 4),
(530, 53, '平潭县', 4),
(531, 54, '新罗区', 4),
(532, 54, '漳平市', 4),
(533, 54, '长汀县', 4),
(534, 54, '永定县', 4),
(535, 54, '上杭县', 4),
(536, 54, '武平县', 4),
(537, 54, '连城县', 4),
(538, 55, '延平区', 4),
(539, 55, '邵武市', 4),
(540, 55, '武夷山市', 4),
(541, 55, '建瓯市', 4),
(542, 55, '建阳市', 4),
(543, 55, '顺昌县', 4),
(544, 55, '浦城县', 4),
(545, 55, '光泽县', 4),
(546, 55, '松溪县', 4),
(547, 55, '政和县', 4),
(548, 56, '蕉城区', 4),
(549, 56, '福安市', 4),
(550, 56, '福鼎市', 4),
(551, 56, '霞浦县', 4),
(552, 56, '古田县', 4),
(553, 56, '屏南县', 4),
(554, 56, '寿宁县', 4),
(555, 56, '周宁县', 4),
(556, 56, '柘荣县', 4),
(557, 57, '城厢区', 4),
(558, 57, '涵江区', 4),
(559, 57, '荔城区', 4),
(560, 57, '秀屿区', 4),
(561, 57, '仙游县', 4),
(562, 58, '鲤城区', 4),
(563, 58, '丰泽区', 4),
(564, 58, '洛江区', 4),
(565, 58, '清濛开发区', 4),
(566, 58, '泉港区', 4),
(567, 58, '石狮市', 4),
(568, 58, '晋江市', 4),
(569, 58, '南安市', 4),
(570, 58, '惠安县', 4),
(571, 58, '安溪县', 4),
(572, 58, '永春县', 4),
(573, 58, '德化县', 4),
(574, 58, '金门县', 4),
(575, 59, '梅列区', 4),
(576, 59, '三元区', 4),
(577, 59, '永安市', 4),
(578, 59, '明溪县', 4),
(579, 59, '清流县', 4),
(580, 59, '宁化县', 4),
(581, 59, '大田县', 4),
(582, 59, '尤溪县', 4),
(583, 59, '沙县', 4),
(584, 59, '将乐县', 4),
(585, 59, '泰宁县', 4),
(586, 59, '建宁县', 4),
(587, 60, '思明区', 4),
(588, 60, '海沧区', 4),
(589, 60, '湖里区', 4),
(590, 60, '集美区', 4),
(591, 60, '同安区', 4),
(592, 60, '翔安区', 4),
(593, 61, '芗城区', 4),
(594, 61, '龙文区', 4),
(595, 61, '龙海市', 4),
(596, 61, '云霄县', 4),
(597, 61, '漳浦县', 4),
(598, 61, '诏安县', 4),
(599, 61, '长泰县', 4),
(600, 61, '东山县', 4),
(601, 61, '南靖县', 4),
(602, 61, '平和县', 4),
(603, 61, '华安县', 4),
(604, 62, '皋兰县', 4),
(605, 62, '城关区', 4),
(606, 62, '七里河区', 4),
(607, 62, '西固区', 4),
(608, 62, '安宁区', 4),
(609, 62, '红古区', 4),
(610, 62, '永登县', 4),
(611, 62, '榆中县', 4),
(612, 63, '白银区', 4),
(613, 63, '平川区', 4),
(614, 63, '会宁县', 4),
(615, 63, '景泰县', 4),
(616, 63, '靖远县', 4),
(617, 64, '临洮县', 4),
(618, 64, '陇西县', 4),
(619, 64, '通渭县', 4),
(620, 64, '渭源县', 4),
(621, 64, '漳县', 4),
(622, 64, '岷县', 4),
(623, 64, '安定区', 4),
(624, 64, '安定区', 4),
(625, 65, '合作市', 4),
(626, 65, '临潭县', 4),
(627, 65, '卓尼县', 4),
(628, 65, '舟曲县', 4),
(629, 65, '迭部县', 4),
(630, 65, '玛曲县', 4),
(631, 65, '碌曲县', 4),
(632, 65, '夏河县', 4),
(633, 66, '嘉峪关市', 4),
(634, 67, '金川区', 4),
(635, 67, '永昌县', 4),
(636, 68, '肃州区', 4),
(637, 68, '玉门市', 4),
(638, 68, '敦煌市', 4),
(639, 68, '金塔县', 4),
(640, 68, '瓜州县', 4),
(641, 68, '肃北', 4),
(642, 68, '阿克塞', 4),
(643, 69, '临夏市', 4),
(644, 69, '临夏县', 4),
(645, 69, '康乐县', 4),
(646, 69, '永靖县', 4),
(647, 69, '广河县', 4),
(648, 69, '和政县', 4),
(649, 69, '东乡族自治县', 4),
(650, 69, '积石山', 4),
(651, 70, '成县', 4),
(652, 70, '徽县', 4),
(653, 70, '康县', 4),
(654, 70, '礼县', 4),
(655, 70, '两当县', 4),
(656, 70, '文县', 4),
(657, 70, '西和县', 4),
(658, 70, '宕昌县', 4),
(659, 70, '武都区', 4),
(660, 71, '崇信县', 4),
(661, 71, '华亭县', 4),
(662, 71, '静宁县', 4),
(663, 71, '灵台县', 4),
(664, 71, '崆峒区', 4),
(665, 71, '庄浪县', 4),
(666, 71, '泾川县', 4),
(667, 72, '合水县', 4),
(668, 72, '华池县', 4),
(669, 72, '环县', 4),
(670, 72, '宁县', 4),
(671, 72, '庆城县', 4),
(672, 72, '西峰区', 4),
(673, 72, '镇原县', 4),
(674, 72, '正宁县', 4),
(675, 73, '甘谷县', 4),
(676, 73, '秦安县', 4),
(677, 73, '清水县', 4),
(678, 73, '秦州区', 4),
(679, 73, '麦积区', 4),
(680, 73, '武山县', 4),
(681, 73, '张家川', 4),
(682, 74, '古浪县', 4),
(683, 74, '民勤县', 4),
(684, 74, '天祝', 4),
(685, 74, '凉州区', 4),
(686, 75, '高台县', 4),
(687, 75, '临泽县', 4),
(688, 75, '民乐县', 4),
(689, 75, '山丹县', 4),
(690, 75, '肃南', 4),
(691, 75, '甘州区', 4),
(692, 76, '从化市', 4),
(693, 76, '天河区', 4),
(694, 76, '东山区', 4),
(695, 76, '白云区', 4),
(696, 76, '海珠区', 4),
(697, 76, '荔湾区', 4),
(698, 76, '越秀区', 4),
(699, 76, '黄埔区', 4),
(700, 76, '番禺区', 4),
(701, 76, '花都区', 4),
(702, 76, '增城区', 4),
(703, 76, '从化区', 4),
(704, 76, '市郊', 4),
(705, 77, '福田区', 4),
(706, 77, '罗湖区', 4),
(707, 77, '南山区', 4),
(708, 77, '宝安区', 4),
(709, 77, '龙岗区', 4),
(710, 77, '盐田区', 4),
(711, 78, '湘桥区', 4),
(712, 78, '潮安县', 4),
(713, 78, '饶平县', 4),
(714, 79, '南城区', 4),
(715, 79, '东城区', 4),
(716, 79, '万江区', 4),
(717, 79, '莞城区', 4),
(718, 79, '石龙镇', 4),
(719, 79, '虎门镇', 4),
(720, 79, '麻涌镇', 4),
(721, 79, '道滘镇', 4),
(722, 79, '石碣镇', 4),
(723, 79, '沙田镇', 4),
(724, 79, '望牛墩镇', 4),
(725, 79, '洪梅镇', 4),
(726, 79, '茶山镇', 4),
(727, 79, '寮步镇', 4),
(728, 79, '大岭山镇', 4),
(729, 79, '大朗镇', 4),
(730, 79, '黄江镇', 4),
(731, 79, '樟木头', 4),
(732, 79, '凤岗镇', 4),
(733, 79, '塘厦镇', 4),
(734, 79, '谢岗镇', 4),
(735, 79, '厚街镇', 4),
(736, 79, '清溪镇', 4),
(737, 79, '常平镇', 4),
(738, 79, '桥头镇', 4),
(739, 79, '横沥镇', 4),
(740, 79, '东坑镇', 4),
(741, 79, '企石镇', 4),
(742, 79, '石排镇', 4),
(743, 79, '长安镇', 4),
(744, 79, '中堂镇', 4),
(745, 79, '高埗镇', 4),
(746, 80, '禅城区', 4),
(747, 80, '南海区', 4),
(748, 80, '顺德区', 4),
(749, 80, '三水区', 4),
(750, 80, '高明区', 4),
(751, 81, '东源县', 4),
(752, 81, '和平县', 4),
(753, 81, '源城区', 4),
(754, 81, '连平县', 4),
(755, 81, '龙川县', 4),
(756, 81, '紫金县', 4),
(757, 82, '惠阳区', 4),
(758, 82, '惠城区', 4),
(759, 82, '大亚湾', 4),
(760, 82, '博罗县', 4),
(761, 82, '惠东县', 4),
(762, 82, '龙门县', 4),
(763, 83, '江海区', 4),
(764, 83, '蓬江区', 4),
(765, 83, '新会区', 4),
(766, 83, '台山市', 4),
(767, 83, '开平市', 4),
(768, 83, '鹤山市', 4),
(769, 83, '恩平市', 4),
(770, 84, '榕城区', 4),
(771, 84, '普宁市', 4),
(772, 84, '揭东县', 4),
(773, 84, '揭西县', 4),
(774, 84, '惠来县', 4),
(775, 85, '茂南区', 4),
(776, 85, '茂港区', 4),
(777, 85, '高州市', 4),
(778, 85, '化州市', 4),
(779, 85, '信宜市', 4),
(780, 85, '电白县', 4),
(781, 86, '梅县', 4),
(782, 86, '梅江区', 4),
(783, 86, '兴宁市', 4),
(784, 86, '大埔县', 4),
(785, 86, '丰顺县', 4),
(786, 86, '五华县', 4),
(787, 86, '平远县', 4),
(788, 86, '蕉岭县', 4),
(789, 87, '清城区', 4),
(790, 87, '英德市', 4),
(791, 87, '连州市', 4),
(792, 87, '佛冈县', 4),
(793, 87, '阳山县', 4),
(794, 87, '清新县', 4),
(795, 87, '连山', 4),
(796, 87, '连南', 4),
(797, 88, '南澳县', 4),
(798, 88, '潮阳区', 4),
(799, 88, '澄海区', 4),
(800, 88, '龙湖区', 4),
(801, 88, '金平区', 4),
(802, 88, '濠江区', 4),
(803, 88, '潮南区', 4),
(804, 89, '城区', 4),
(805, 89, '陆丰市', 4),
(806, 89, '海丰县', 4),
(807, 89, '陆河县', 4),
(808, 90, '曲江县', 4),
(809, 90, '浈江区', 4),
(810, 90, '武江区', 4),
(811, 90, '曲江区', 4),
(812, 90, '乐昌市', 4),
(813, 90, '南雄市', 4),
(814, 90, '始兴县', 4),
(815, 90, '仁化县', 4),
(816, 90, '翁源县', 4),
(817, 90, '新丰县', 4),
(818, 90, '乳源', 4),
(819, 91, '江城区', 4),
(820, 91, '阳春市', 4),
(821, 91, '阳西县', 4),
(822, 91, '阳东县', 4),
(823, 92, '云城区', 4),
(824, 92, '罗定市', 4),
(825, 92, '新兴县', 4),
(826, 92, '郁南县', 4),
(827, 92, '云安县', 4),
(828, 93, '赤坎区', 4),
(829, 93, '霞山区', 4),
(830, 93, '坡头区', 4),
(831, 93, '麻章区', 4),
(832, 93, '廉江市', 4),
(833, 93, '雷州市', 4),
(834, 93, '吴川市', 4),
(835, 93, '遂溪县', 4),
(836, 93, '徐闻县', 4),
(837, 94, '肇庆市', 4),
(838, 94, '高要市', 4),
(839, 94, '四会市', 4),
(840, 94, '广宁县', 4),
(841, 94, '怀集县', 4),
(842, 94, '封开县', 4),
(843, 94, '德庆县', 4),
(844, 95, '石岐街道', 4),
(845, 95, '东区街道', 4),
(846, 95, '西区街道', 4),
(847, 95, '环城街道', 4),
(848, 95, '中山港街道', 4),
(849, 95, '五桂山街道', 4),
(850, 96, '香洲区', 4),
(851, 96, '斗门区', 4),
(852, 96, '金湾区', 4),
(853, 97, '邕宁区', 4),
(854, 97, '青秀区', 4),
(855, 97, '兴宁区', 4),
(856, 97, '良庆区', 4),
(857, 97, '西乡塘区', 4),
(858, 97, '江南区', 4),
(859, 97, '武鸣县', 4),
(860, 97, '隆安县', 4),
(861, 97, '马山县', 4),
(862, 97, '上林县', 4),
(863, 97, '宾阳县', 4),
(864, 97, '横县', 4),
(865, 98, '秀峰区', 4),
(866, 98, '叠彩区', 4),
(867, 98, '象山区', 4),
(868, 98, '七星区', 4),
(869, 98, '雁山区', 4),
(870, 98, '阳朔县', 4),
(871, 98, '临桂县', 4),
(872, 98, '灵川县', 4),
(873, 98, '全州县', 4),
(874, 98, '平乐县', 4),
(875, 98, '兴安县', 4),
(876, 98, '灌阳县', 4),
(877, 98, '荔浦县', 4),
(878, 98, '资源县', 4),
(879, 98, '永福县', 4),
(880, 98, '龙胜', 4),
(881, 98, '恭城', 4),
(882, 99, '右江区', 4),
(883, 99, '凌云县', 4),
(884, 99, '平果县', 4),
(885, 99, '西林县', 4),
(886, 99, '乐业县', 4),
(887, 99, '德保县', 4),
(888, 99, '田林县', 4),
(889, 99, '田阳县', 4),
(890, 99, '靖西县', 4),
(891, 99, '田东县', 4),
(892, 99, '那坡县', 4),
(893, 99, '隆林', 4),
(894, 100, '海城区', 4),
(895, 100, '银海区', 4),
(896, 100, '铁山港区', 4),
(897, 100, '合浦县', 4),
(898, 101, '江州区', 4),
(899, 101, '凭祥市', 4),
(900, 101, '宁明县', 4),
(901, 101, '扶绥县', 4),
(902, 101, '龙州县', 4),
(903, 101, '大新县', 4),
(904, 101, '天等县', 4),
(905, 102, '港口区', 4),
(906, 102, '防城区', 4),
(907, 102, '东兴市', 4),
(908, 102, '上思县', 4),
(909, 103, '港北区', 4),
(910, 103, '港南区', 4),
(911, 103, '覃塘区', 4),
(912, 103, '桂平市', 4),
(913, 103, '平南县', 4),
(914, 104, '金城江区', 4),
(915, 104, '宜州市', 4),
(916, 104, '天峨县', 4),
(917, 104, '凤山县', 4),
(918, 104, '南丹县', 4),
(919, 104, '东兰县', 4),
(920, 104, '都安', 4),
(921, 104, '罗城', 4),
(922, 104, '巴马', 4),
(923, 104, '环江', 4),
(924, 104, '大化', 4),
(925, 105, '八步区', 4),
(926, 105, '钟山县', 4),
(927, 105, '昭平县', 4),
(928, 105, '富川', 4),
(929, 106, '兴宾区', 4),
(930, 106, '合山市', 4),
(931, 106, '象州县', 4),
(932, 106, '武宣县', 4),
(933, 106, '忻城县', 4),
(934, 106, '金秀', 4),
(935, 107, '城中区', 4),
(936, 107, '鱼峰区', 4),
(937, 107, '柳北区', 4),
(938, 107, '柳南区', 4),
(939, 107, '柳江县', 4),
(940, 107, '柳城县', 4),
(941, 107, '鹿寨县', 4),
(942, 107, '融安县', 4),
(943, 107, '融水', 4),
(944, 107, '三江', 4),
(945, 108, '钦南区', 4),
(946, 108, '钦北区', 4),
(947, 108, '灵山县', 4),
(948, 108, '浦北县', 4),
(949, 109, '万秀区', 4),
(950, 109, '蝶山区', 4),
(951, 109, '长洲区', 4),
(952, 109, '岑溪市', 4),
(953, 109, '苍梧县', 4),
(954, 109, '藤县', 4),
(955, 109, '蒙山县', 4),
(956, 110, '玉州区', 4),
(957, 110, '北流市', 4),
(958, 110, '容县', 4),
(959, 110, '陆川县', 4),
(960, 110, '博白县', 4),
(961, 110, '兴业县', 4),
(962, 111, '南明区', 4),
(963, 111, '云岩区', 4),
(964, 111, '花溪区', 4),
(965, 111, '乌当区', 4),
(966, 111, '白云区', 4),
(967, 111, '小河区', 4),
(968, 111, '金阳新区', 4),
(969, 111, '新天园区', 4),
(970, 111, '清镇市', 4),
(971, 111, '开阳县', 4),
(972, 111, '修文县', 4),
(973, 111, '息烽县', 4),
(974, 112, '西秀区', 4),
(975, 112, '关岭', 4),
(976, 112, '镇宁', 4),
(977, 112, '紫云', 4),
(978, 112, '平坝县', 4),
(979, 112, '普定县', 4),
(980, 113, '毕节市', 4),
(981, 113, '大方县', 4),
(982, 113, '黔西县', 4),
(983, 113, '金沙县', 4),
(984, 113, '织金县', 4),
(985, 113, '纳雍县', 4),
(986, 113, '赫章县', 4),
(987, 113, '威宁', 4),
(988, 114, '钟山区', 4),
(989, 114, '六枝特区', 4),
(990, 114, '水城县', 4),
(991, 114, '盘县', 4),
(992, 115, '凯里市', 4),
(993, 115, '黄平县', 4),
(994, 115, '施秉县', 4),
(995, 115, '三穗县', 4),
(996, 115, '镇远县', 4),
(997, 115, '岑巩县', 4),
(998, 115, '天柱县', 4),
(999, 115, '锦屏县', 4),
(1000, 115, '剑河县', 4),
(1001, 115, '台江县', 4),
(1002, 115, '黎平县', 4),
(1003, 115, '榕江县', 4),
(1004, 115, '从江县', 4),
(1005, 115, '雷山县', 4),
(1006, 115, '麻江县', 4),
(1007, 115, '丹寨县', 4),
(1008, 116, '都匀市', 4),
(1009, 116, '福泉市', 4),
(1010, 116, '荔波县', 4),
(1011, 116, '贵定县', 4),
(1012, 116, '瓮安县', 4),
(1013, 116, '独山县', 4),
(1014, 116, '平塘县', 4),
(1015, 116, '罗甸县', 4),
(1016, 116, '长顺县', 4),
(1017, 116, '龙里县', 4),
(1018, 116, '惠水县', 4),
(1019, 116, '三都', 4),
(1020, 117, '兴义市', 4),
(1021, 117, '兴仁县', 4),
(1022, 117, '普安县', 4),
(1023, 117, '晴隆县', 4),
(1024, 117, '贞丰县', 4),
(1025, 117, '望谟县', 4),
(1026, 117, '册亨县', 4),
(1027, 117, '安龙县', 4),
(1028, 118, '铜仁市', 4),
(1029, 118, '江口县', 4),
(1030, 118, '石阡县', 4),
(1031, 118, '思南县', 4),
(1032, 118, '德江县', 4),
(1033, 118, '玉屏', 4),
(1034, 118, '印江', 4),
(1035, 118, '沿河', 4),
(1036, 118, '松桃', 4),
(1037, 118, '万山特区', 4),
(1038, 119, '红花岗区', 4),
(1039, 119, '务川县', 4),
(1040, 119, '道真县', 4),
(1041, 119, '汇川区', 4),
(1042, 119, '赤水市', 4),
(1043, 119, '仁怀市', 4),
(1044, 119, '遵义县', 4),
(1045, 119, '桐梓县', 4),
(1046, 119, '绥阳县', 4),
(1047, 119, '正安县', 4),
(1048, 119, '凤冈县', 4),
(1049, 119, '湄潭县', 4),
(1050, 119, '余庆县', 4),
(1051, 119, '习水县', 4),
(1052, 119, '道真', 4),
(1053, 119, '务川', 4),
(1054, 120, '秀英区', 4),
(1055, 120, '龙华区', 4),
(1056, 120, '琼山区', 4),
(1057, 120, '美兰区', 4),
(1058, 137, '市区', 4),
(1059, 137, '洋浦开发区', 4),
(1060, 137, '那大镇', 4),
(1061, 137, '王五镇', 4),
(1062, 137, '雅星镇', 4),
(1063, 137, '大成镇', 4),
(1064, 137, '中和镇', 4),
(1065, 137, '峨蔓镇', 4),
(1066, 137, '南丰镇', 4),
(1067, 137, '白马井镇', 4),
(1068, 137, '兰洋镇', 4),
(1069, 137, '和庆镇', 4),
(1070, 137, '海头镇', 4),
(1071, 137, '排浦镇', 4),
(1072, 137, '东成镇', 4),
(1073, 137, '光村镇', 4),
(1074, 137, '木棠镇', 4),
(1075, 137, '新州镇', 4),
(1076, 137, '三都镇', 4),
(1077, 137, '其他', 4),
(1078, 138, '长安区', 4),
(1079, 138, '桥东区', 4),
(1080, 138, '桥西区', 4),
(1081, 138, '新华区', 4),
(1082, 138, '裕华区', 4),
(1083, 138, '井陉矿区', 4),
(1084, 138, '高新区', 4),
(1085, 138, '辛集市', 4),
(1086, 138, '藁城市', 4),
(1087, 138, '晋州市', 4),
(1088, 138, '新乐市', 4),
(1089, 138, '鹿泉市', 4),
(1090, 138, '井陉县', 4),
(1091, 138, '正定县', 4),
(1092, 138, '栾城县', 4),
(1093, 138, '行唐县', 4),
(1094, 138, '灵寿县', 4),
(1095, 138, '高邑县', 4),
(1096, 138, '深泽县', 4),
(1097, 138, '赞皇县', 4),
(1098, 138, '无极县', 4),
(1099, 138, '平山县', 4),
(1100, 138, '元氏县', 4),
(1101, 138, '赵县', 4),
(1102, 139, '新市区', 4),
(1103, 139, '南市区', 4),
(1104, 139, '北市区', 4),
(1105, 139, '涿州市', 4),
(1106, 139, '定州市', 4),
(1107, 139, '安国市', 4),
(1108, 139, '高碑店市', 4),
(1109, 139, '满城县', 4),
(1110, 139, '清苑县', 4),
(1111, 139, '涞水县', 4),
(1112, 139, '阜平县', 4),
(1113, 139, '徐水县', 4),
(1114, 139, '定兴县', 4),
(1115, 139, '唐县', 4),
(1116, 139, '高阳县', 4),
(1117, 139, '容城县', 4),
(1118, 139, '涞源县', 4),
(1119, 139, '望都县', 4),
(1120, 139, '安新县', 4),
(1121, 139, '易县', 4),
(1122, 139, '曲阳县', 4),
(1123, 139, '蠡县', 4),
(1124, 139, '顺平县', 4),
(1125, 139, '博野县', 4),
(1126, 139, '雄县', 4),
(1127, 140, '运河区', 4),
(1128, 140, '新华区', 4),
(1129, 140, '泊头市', 4),
(1130, 140, '任丘市', 4),
(1131, 140, '黄骅市', 4),
(1132, 140, '河间市', 4),
(1133, 140, '沧县', 4),
(1134, 140, '青县', 4),
(1135, 140, '东光县', 4),
(1136, 140, '海兴县', 4),
(1137, 140, '盐山县', 4),
(1138, 140, '肃宁县', 4),
(1139, 140, '南皮县', 4),
(1140, 140, '吴桥县', 4),
(1141, 140, '献县', 4),
(1142, 140, '孟村', 4),
(1143, 141, '双桥区', 4),
(1144, 141, '双滦区', 4),
(1145, 141, '鹰手营子矿区', 4),
(1146, 141, '承德县', 4),
(1147, 141, '兴隆县', 4),
(1148, 141, '平泉县', 4),
(1149, 141, '滦平县', 4),
(1150, 141, '隆化县', 4),
(1151, 141, '丰宁', 4),
(1152, 141, '宽城', 4),
(1153, 141, '围场', 4),
(1154, 142, '从台区', 4),
(1155, 142, '复兴区', 4),
(1156, 142, '邯山区', 4),
(1157, 142, '峰峰矿区', 4),
(1158, 142, '武安市', 4),
(1159, 142, '邯郸县', 4),
(1160, 142, '临漳县', 4),
(1161, 142, '成安县', 4),
(1162, 142, '大名县', 4),
(1163, 142, '涉县', 4),
(1164, 142, '磁县', 4),
(1165, 142, '肥乡县', 4),
(1166, 142, '永年县', 4),
(1167, 142, '邱县', 4),
(1168, 142, '鸡泽县', 4),
(1169, 142, '广平县', 4),
(1170, 142, '馆陶县', 4),
(1171, 142, '魏县', 4),
(1172, 142, '曲周县', 4),
(1173, 143, '桃城区', 4),
(1174, 143, '冀州市', 4),
(1175, 143, '深州市', 4),
(1176, 143, '枣强县', 4),
(1177, 143, '武邑县', 4),
(1178, 143, '武强县', 4),
(1179, 143, '饶阳县', 4),
(1180, 143, '安平县', 4),
(1181, 143, '故城县', 4),
(1182, 143, '景县', 4),
(1183, 143, '阜城县', 4),
(1184, 144, '安次区', 4),
(1185, 144, '广阳区', 4),
(1186, 144, '霸州市', 4),
(1187, 144, '三河市', 4),
(1188, 144, '固安县', 4),
(1189, 144, '永清县', 4),
(1190, 144, '香河县', 4),
(1191, 144, '大城县', 4),
(1192, 144, '文安县', 4),
(1193, 144, '大厂', 4),
(1194, 145, '海港区', 4),
(1195, 145, '山海关区', 4),
(1196, 145, '北戴河区', 4),
(1197, 145, '昌黎县', 4),
(1198, 145, '抚宁县', 4),
(1199, 145, '卢龙县', 4),
(1200, 145, '青龙', 4),
(1201, 146, '路北区', 4),
(1202, 146, '路南区', 4),
(1203, 146, '古冶区', 4),
(1204, 146, '开平区', 4),
(1205, 146, '丰南区', 4),
(1206, 146, '丰润区', 4),
(1207, 146, '遵化市', 4),
(1208, 146, '迁安市', 4),
(1209, 146, '滦县', 4),
(1210, 146, '滦南县', 4),
(1211, 146, '乐亭县', 4),
(1212, 146, '迁西县', 4),
(1213, 146, '玉田县', 4),
(1214, 146, '唐海县', 4),
(1215, 147, '桥东区', 4),
(1216, 147, '桥西区', 4),
(1217, 147, '南宫市', 4),
(1218, 147, '沙河市', 4),
(1219, 147, '邢台县', 4),
(1220, 147, '临城县', 4),
(1221, 147, '内丘县', 4),
(1222, 147, '柏乡县', 4),
(1223, 147, '隆尧县', 4),
(1224, 147, '任县', 4),
(1225, 147, '南和县', 4),
(1226, 147, '宁晋县', 4),
(1227, 147, '巨鹿县', 4),
(1228, 147, '新河县', 4),
(1229, 147, '广宗县', 4),
(1230, 147, '平乡县', 4),
(1231, 147, '威县', 4),
(1232, 147, '清河县', 4),
(1233, 147, '临西县', 4),
(1234, 148, '桥西区', 4),
(1235, 148, '桥东区', 4),
(1236, 148, '宣化区', 4),
(1237, 148, '下花园区', 4),
(1238, 148, '宣化县', 4),
(1239, 148, '张北县', 4),
(1240, 148, '康保县', 4),
(1241, 148, '沽源县', 4),
(1242, 148, '尚义县', 4),
(1243, 148, '蔚县', 4),
(1244, 148, '阳原县', 4),
(1245, 148, '怀安县', 4),
(1246, 148, '万全县', 4),
(1247, 148, '怀来县', 4),
(1248, 148, '涿鹿县', 4),
(1249, 148, '赤城县', 4),
(1250, 148, '崇礼县', 4),
(1251, 149, '金水区', 4),
(1252, 149, '邙山区', 4),
(1253, 149, '二七区', 4),
(1254, 149, '管城区', 4),
(1255, 149, '中原区', 4),
(1256, 149, '上街区', 4),
(1257, 149, '惠济区', 4),
(1258, 149, '郑东新区', 4),
(1259, 149, '经济技术开发区', 4),
(1260, 149, '高新开发区', 4),
(1261, 149, '出口加工区', 4),
(1262, 149, '巩义市', 4),
(1263, 149, '荥阳市', 4),
(1264, 149, '新密市', 4),
(1265, 149, '新郑市', 4),
(1266, 149, '登封市', 4),
(1267, 149, '中牟县', 4),
(1268, 150, '西工区', 4),
(1269, 150, '老城区', 4),
(1270, 150, '涧西区', 4),
(1271, 150, '瀍河回族区', 4),
(1272, 150, '洛龙区', 4),
(1273, 150, '吉利区', 4),
(1274, 150, '偃师市', 4),
(1275, 150, '孟津县', 4),
(1276, 150, '新安县', 4),
(1277, 150, '栾川县', 4),
(1278, 150, '嵩县', 4),
(1279, 150, '汝阳县', 4),
(1280, 150, '宜阳县', 4),
(1281, 150, '洛宁县', 4),
(1282, 150, '伊川县', 4),
(1283, 151, '鼓楼区', 4),
(1284, 151, '龙亭区', 4),
(1285, 151, '顺河回族区', 4),
(1286, 151, '金明区', 4),
(1287, 151, '禹王台区', 4),
(1288, 151, '杞县', 4),
(1289, 151, '通许县', 4),
(1290, 151, '尉氏县', 4),
(1291, 151, '开封县', 4),
(1292, 151, '兰考县', 4),
(1293, 152, '北关区', 4),
(1294, 152, '文峰区', 4),
(1295, 152, '殷都区', 4),
(1296, 152, '龙安区', 4),
(1297, 152, '林州市', 4),
(1298, 152, '安阳县', 4),
(1299, 152, '汤阴县', 4),
(1300, 152, '滑县', 4),
(1301, 152, '内黄县', 4),
(1302, 153, '淇滨区', 4),
(1303, 153, '山城区', 4),
(1304, 153, '鹤山区', 4),
(1305, 153, '浚县', 4),
(1306, 153, '淇县', 4),
(1307, 154, '济源市', 4),
(1308, 155, '解放区', 4),
(1309, 155, '中站区', 4),
(1310, 155, '马村区', 4),
(1311, 155, '山阳区', 4),
(1312, 155, '沁阳市', 4),
(1313, 155, '孟州市', 4),
(1314, 155, '修武县', 4),
(1315, 155, '博爱县', 4),
(1316, 155, '武陟县', 4),
(1317, 155, '温县', 4),
(1318, 156, '卧龙区', 4),
(1319, 156, '宛城区', 4),
(1320, 156, '邓州市', 4),
(1321, 156, '南召县', 4),
(1322, 156, '方城县', 4),
(1323, 156, '西峡县', 4),
(1324, 156, '镇平县', 4),
(1325, 156, '内乡县', 4),
(1326, 156, '淅川县', 4),
(1327, 156, '社旗县', 4),
(1328, 156, '唐河县', 4),
(1329, 156, '新野县', 4),
(1330, 156, '桐柏县', 4),
(1331, 157, '新华区', 4),
(1332, 157, '卫东区', 4),
(1333, 157, '湛河区', 4),
(1334, 157, '石龙区', 4),
(1335, 157, '舞钢市', 4),
(1336, 157, '汝州市', 4),
(1337, 157, '宝丰县', 4),
(1338, 157, '叶县', 4),
(1339, 157, '鲁山县', 4),
(1340, 157, '郏县', 4),
(1341, 158, '湖滨区', 4),
(1342, 158, '义马市', 4),
(1343, 158, '灵宝市', 4),
(1344, 158, '渑池县', 4),
(1345, 158, '陕县', 4),
(1346, 158, '卢氏县', 4),
(1347, 159, '梁园区', 4),
(1348, 159, '睢阳区', 4),
(1349, 159, '永城市', 4),
(1350, 159, '民权县', 4),
(1351, 159, '睢县', 4),
(1352, 159, '宁陵县', 4),
(1353, 159, '虞城县', 4),
(1354, 159, '柘城县', 4),
(1355, 159, '夏邑县', 4),
(1356, 160, '卫滨区', 4),
(1357, 160, '红旗区', 4),
(1358, 160, '凤泉区', 4),
(1359, 160, '牧野区', 4),
(1360, 160, '卫辉市', 4),
(1361, 160, '辉县市', 4),
(1362, 160, '新乡县', 4),
(1363, 160, '获嘉县', 4),
(1364, 160, '原阳县', 4),
(1365, 160, '延津县', 4),
(1366, 160, '封丘县', 4),
(1367, 160, '长垣县', 4),
(1368, 161, '浉河区', 4),
(1369, 161, '平桥区', 4),
(1370, 161, '罗山县', 4),
(1371, 161, '光山县', 4),
(1372, 161, '新县', 4),
(1373, 161, '商城县', 4),
(1374, 161, '固始县', 4),
(1375, 161, '潢川县', 4),
(1376, 161, '淮滨县', 4),
(1377, 161, '息县', 4),
(1378, 162, '魏都区', 4),
(1379, 162, '禹州市', 4),
(1380, 162, '长葛市', 4),
(1381, 162, '许昌县', 4),
(1382, 162, '鄢陵县', 4),
(1383, 162, '襄城县', 4),
(1384, 163, '川汇区', 4),
(1385, 163, '项城市', 4),
(1386, 163, '扶沟县', 4),
(1387, 163, '西华县', 4),
(1388, 163, '商水县', 4),
(1389, 163, '沈丘县', 4),
(1390, 163, '郸城县', 4),
(1391, 163, '淮阳县', 4),
(1392, 163, '太康县', 4),
(1393, 163, '鹿邑县', 4),
(1394, 164, '驿城区', 4),
(1395, 164, '西平县', 4),
(1396, 164, '上蔡县', 4),
(1397, 164, '平舆县', 4),
(1398, 164, '正阳县', 4),
(1399, 164, '确山县', 4),
(1400, 164, '泌阳县', 4),
(1401, 164, '汝南县', 4),
(1402, 164, '遂平县', 4),
(1403, 164, '新蔡县', 4),
(1404, 165, '郾城区', 4),
(1405, 165, '源汇区', 4),
(1406, 165, '召陵区', 4),
(1407, 165, '舞阳县', 4),
(1408, 165, '临颍县', 4),
(1409, 166, '华龙区', 4),
(1410, 166, '清丰县', 4),
(1411, 166, '南乐县', 4),
(1412, 166, '范县', 4),
(1413, 166, '台前县', 4),
(1414, 166, '濮阳县', 4),
(1415, 167, '道里区', 4),
(1416, 167, '南岗区', 4),
(1417, 167, '动力区', 4),
(1418, 167, '平房区', 4),
(1419, 167, '香坊区', 4),
(1420, 167, '太平区', 4),
(1421, 167, '道外区', 4),
(1422, 167, '阿城区', 4),
(1423, 167, '呼兰区', 4),
(1424, 167, '松北区', 4),
(1425, 167, '尚志市', 4),
(1426, 167, '双城市', 4),
(1427, 167, '五常市', 4),
(1428, 167, '方正县', 4),
(1429, 167, '宾县', 4),
(1430, 167, '依兰县', 4),
(1431, 167, '巴彦县', 4),
(1432, 167, '通河县', 4),
(1433, 167, '木兰县', 4),
(1434, 167, '延寿县', 4),
(1435, 168, '萨尔图区', 4),
(1436, 168, '红岗区', 4),
(1437, 168, '龙凤区', 4),
(1438, 168, '让胡路区', 4),
(1439, 168, '大同区', 4),
(1440, 168, '肇州县', 4),
(1441, 168, '肇源县', 4),
(1442, 168, '林甸县', 4),
(1443, 168, '杜尔伯特', 4),
(1444, 169, '呼玛县', 4),
(1445, 169, '漠河县', 4),
(1446, 169, '塔河县', 4),
(1447, 170, '兴山区', 4),
(1448, 170, '工农区', 4),
(1449, 170, '南山区', 4),
(1450, 170, '兴安区', 4),
(1451, 170, '向阳区', 4),
(1452, 170, '东山区', 4),
(1453, 170, '萝北县', 4),
(1454, 170, '绥滨县', 4),
(1455, 171, '爱辉区', 4),
(1456, 171, '五大连池市', 4),
(1457, 171, '北安市', 4),
(1458, 171, '嫩江县', 4),
(1459, 171, '逊克县', 4),
(1460, 171, '孙吴县', 4),
(1461, 172, '鸡冠区', 4),
(1462, 172, '恒山区', 4),
(1463, 172, '城子河区', 4),
(1464, 172, '滴道区', 4),
(1465, 172, '梨树区', 4),
(1466, 172, '虎林市', 4),
(1467, 172, '密山市', 4),
(1468, 172, '鸡东县', 4),
(1469, 173, '前进区', 4),
(1470, 173, '郊区', 4),
(1471, 173, '向阳区', 4),
(1472, 173, '东风区', 4),
(1473, 173, '同江市', 4),
(1474, 173, '富锦市', 4),
(1475, 173, '桦南县', 4),
(1476, 173, '桦川县', 4),
(1477, 173, '汤原县', 4),
(1478, 173, '抚远县', 4),
(1479, 174, '爱民区', 4),
(1480, 174, '东安区', 4),
(1481, 174, '阳明区', 4),
(1482, 174, '西安区', 4),
(1483, 174, '绥芬河市', 4),
(1484, 174, '海林市', 4),
(1485, 174, '宁安市', 4),
(1486, 174, '穆棱市', 4),
(1487, 174, '东宁县', 4),
(1488, 174, '林口县', 4),
(1489, 175, '桃山区', 4),
(1490, 175, '新兴区', 4),
(1491, 175, '茄子河区', 4),
(1492, 175, '勃利县', 4),
(1493, 176, '龙沙区', 4),
(1494, 176, '昂昂溪区', 4),
(1495, 176, '铁峰区', 4),
(1496, 176, '建华区', 4),
(1497, 176, '富拉尔基区', 4),
(1498, 176, '碾子山区', 4),
(1499, 176, '梅里斯达斡尔区', 4),
(1500, 176, '讷河市', 4),
(1501, 176, '龙江县', 4),
(1502, 176, '依安县', 4),
(1503, 176, '泰来县', 4),
(1504, 176, '甘南县', 4),
(1505, 176, '富裕县', 4),
(1506, 176, '克山县', 4),
(1507, 176, '克东县', 4),
(1508, 176, '拜泉县', 4),
(1509, 177, '尖山区', 4),
(1510, 177, '岭东区', 4),
(1511, 177, '四方台区', 4),
(1512, 177, '宝山区', 4),
(1513, 177, '集贤县', 4),
(1514, 177, '友谊县', 4),
(1515, 177, '宝清县', 4),
(1516, 177, '饶河县', 4),
(1517, 178, '北林区', 4),
(1518, 178, '安达市', 4),
(1519, 178, '肇东市', 4),
(1520, 178, '海伦市', 4),
(1521, 178, '望奎县', 4),
(1522, 178, '兰西县', 4),
(1523, 178, '青冈县', 4),
(1524, 178, '庆安县', 4),
(1525, 178, '明水县', 4),
(1526, 178, '绥棱县', 4),
(1527, 179, '伊春区', 4),
(1528, 179, '带岭区', 4),
(1529, 179, '南岔区', 4),
(1530, 179, '金山屯区', 4),
(1531, 179, '西林区', 4),
(1532, 179, '美溪区', 4),
(1533, 179, '乌马河区', 4),
(1534, 179, '翠峦区', 4),
(1535, 179, '友好区', 4),
(1536, 179, '上甘岭区', 4),
(1537, 179, '五营区', 4),
(1538, 179, '红星区', 4),
(1539, 179, '新青区', 4),
(1540, 179, '汤旺河区', 4),
(1541, 179, '乌伊岭区', 4),
(1542, 179, '铁力市', 4),
(1543, 179, '嘉荫县', 4),
(1544, 180, '江岸区', 4),
(1545, 180, '武昌区', 4),
(1546, 180, '江汉区', 4),
(1547, 180, '硚口区', 4),
(1548, 180, '汉阳区', 4),
(1549, 180, '青山区', 4),
(1550, 180, '洪山区', 4),
(1551, 180, '东西湖区', 4),
(1552, 180, '汉南区', 4),
(1553, 180, '蔡甸区', 4),
(1554, 180, '江夏区', 4),
(1555, 180, '黄陂区', 4),
(1556, 180, '新洲区', 4),
(1557, 180, '经济开发区', 4),
(1558, 181, '仙桃市', 4),
(1559, 182, '鄂城区', 4),
(1560, 182, '华容区', 4),
(1561, 182, '梁子湖区', 4),
(1562, 183, '黄州区', 4),
(1563, 183, '麻城市', 4),
(1564, 183, '武穴市', 4),
(1565, 183, '团风县', 4),
(1566, 183, '红安县', 4),
(1567, 183, '罗田县', 4),
(1568, 183, '英山县', 4),
(1569, 183, '浠水县', 4),
(1570, 183, '蕲春县', 4),
(1571, 183, '黄梅县', 4),
(1572, 184, '黄石港区', 4),
(1573, 184, '西塞山区', 4),
(1574, 184, '下陆区', 4),
(1575, 184, '铁山区', 4),
(1576, 184, '大冶市', 4),
(1577, 184, '阳新县', 4),
(1578, 185, '东宝区', 4),
(1579, 185, '掇刀区', 4),
(1580, 185, '钟祥市', 4),
(1581, 185, '京山县', 4),
(1582, 185, '沙洋县', 4),
(1583, 186, '沙市区', 4),
(1584, 186, '荆州区', 4),
(1585, 186, '石首市', 4),
(1586, 186, '洪湖市', 4),
(1587, 186, '松滋市', 4),
(1588, 186, '公安县', 4),
(1589, 186, '监利县', 4),
(1590, 186, '江陵县', 4),
(1591, 187, '潜江市', 4),
(1592, 188, '神农架林区', 4),
(1593, 189, '张湾区', 4),
(1594, 189, '茅箭区', 4),
(1595, 189, '丹江口市', 4),
(1596, 189, '郧县', 4),
(1597, 189, '郧西县', 4),
(1598, 189, '竹山县', 4),
(1599, 189, '竹溪县', 4),
(1600, 189, '房县', 4),
(1601, 190, '曾都区', 4),
(1602, 190, '广水市', 4),
(1603, 191, '天门市', 4),
(1604, 192, '咸安区', 4),
(1605, 192, '赤壁市', 4),
(1606, 192, '嘉鱼县', 4),
(1607, 192, '通城县', 4),
(1608, 192, '崇阳县', 4),
(1609, 192, '通山县', 4),
(1610, 193, '襄城区', 4),
(1611, 193, '樊城区', 4),
(1612, 193, '襄阳区', 4),
(1613, 193, '老河口市', 4),
(1614, 193, '枣阳市', 4),
(1615, 193, '宜城市', 4),
(1616, 193, '南漳县', 4),
(1617, 193, '谷城县', 4),
(1618, 193, '保康县', 4),
(1619, 194, '孝南区', 4),
(1620, 194, '应城市', 4),
(1621, 194, '安陆市', 4),
(1622, 194, '汉川市', 4),
(1623, 194, '孝昌县', 4),
(1624, 194, '大悟县', 4),
(1625, 194, '云梦县', 4),
(1626, 195, '长阳', 4),
(1627, 195, '五峰', 4),
(1628, 195, '西陵区', 4),
(1629, 195, '伍家岗区', 4),
(1630, 195, '点军区', 4),
(1631, 195, '猇亭区', 4),
(1632, 195, '夷陵区', 4),
(1633, 195, '宜都市', 4),
(1634, 195, '当阳市', 4),
(1635, 195, '枝江市', 4),
(1636, 195, '远安县', 4),
(1637, 195, '兴山县', 4),
(1638, 195, '秭归县', 4),
(1639, 196, '恩施市', 4),
(1640, 196, '利川市', 4),
(1641, 196, '建始县', 4),
(1642, 196, '巴东县', 4),
(1643, 196, '宣恩县', 4),
(1644, 196, '咸丰县', 4),
(1645, 196, '来凤县', 4),
(1646, 196, '鹤峰县', 4),
(1647, 197, '岳麓区', 4),
(1648, 197, '芙蓉区', 4),
(1649, 197, '天心区', 4),
(1650, 197, '开福区', 4),
(1651, 197, '雨花区', 4),
(1652, 197, '开发区', 4),
(1653, 197, '浏阳市', 4),
(1654, 197, '长沙县', 4),
(1655, 197, '望城县', 4),
(1656, 197, '宁乡县', 4),
(1657, 198, '永定区', 4),
(1658, 198, '武陵源区', 4),
(1659, 198, '慈利县', 4),
(1660, 198, '桑植县', 4),
(1661, 199, '武陵区', 4),
(1662, 199, '鼎城区', 4),
(1663, 199, '津市市', 4),
(1664, 199, '安乡县', 4),
(1665, 199, '汉寿县', 4),
(1666, 199, '澧县', 4),
(1667, 199, '临澧县', 4),
(1668, 199, '桃源县', 4),
(1669, 199, '石门县', 4),
(1670, 200, '北湖区', 4),
(1671, 200, '苏仙区', 4),
(1672, 200, '资兴市', 4),
(1673, 200, '桂阳县', 4),
(1674, 200, '宜章县', 4),
(1675, 200, '永兴县', 4),
(1676, 200, '嘉禾县', 4),
(1677, 200, '临武县', 4),
(1678, 200, '汝城县', 4),
(1679, 200, '桂东县', 4),
(1680, 200, '安仁县', 4),
(1681, 201, '雁峰区', 4),
(1682, 201, '珠晖区', 4),
(1683, 201, '石鼓区', 4),
(1684, 201, '蒸湘区', 4),
(1685, 201, '南岳区', 4),
(1686, 201, '耒阳市', 4),
(1687, 201, '常宁市', 4),
(1688, 201, '衡阳县', 4),
(1689, 201, '衡南县', 4),
(1690, 201, '衡山县', 4),
(1691, 201, '衡东县', 4),
(1692, 201, '祁东县', 4),
(1693, 202, '鹤城区', 4),
(1694, 202, '靖州', 4),
(1695, 202, '麻阳', 4),
(1696, 202, '通道', 4),
(1697, 202, '新晃', 4),
(1698, 202, '芷江', 4),
(1699, 202, '沅陵县', 4),
(1700, 202, '辰溪县', 4),
(1701, 202, '溆浦县', 4),
(1702, 202, '中方县', 4),
(1703, 202, '会同县', 4),
(1704, 202, '洪江市', 4),
(1705, 203, '娄星区', 4),
(1706, 203, '冷水江市', 4),
(1707, 203, '涟源市', 4),
(1708, 203, '双峰县', 4),
(1709, 203, '新化县', 4),
(1710, 204, '城步', 4),
(1711, 204, '双清区', 4),
(1712, 204, '大祥区', 4),
(1713, 204, '北塔区', 4),
(1714, 204, '武冈市', 4),
(1715, 204, '邵东县', 4),
(1716, 204, '新邵县', 4),
(1717, 204, '邵阳县', 4),
(1718, 204, '隆回县', 4),
(1719, 204, '洞口县', 4),
(1720, 204, '绥宁县', 4),
(1721, 204, '新宁县', 4),
(1722, 205, '岳塘区', 4),
(1723, 205, '雨湖区', 4),
(1724, 205, '湘乡市', 4),
(1725, 205, '韶山市', 4),
(1726, 205, '湘潭县', 4),
(1727, 206, '吉首市', 4),
(1728, 206, '泸溪县', 4),
(1729, 206, '凤凰县', 4),
(1730, 206, '花垣县', 4),
(1731, 206, '保靖县', 4),
(1732, 206, '古丈县', 4),
(1733, 206, '永顺县', 4),
(1734, 206, '龙山县', 4),
(1735, 207, '赫山区', 4),
(1736, 207, '资阳区', 4),
(1737, 207, '沅江市', 4),
(1738, 207, '南县', 4),
(1739, 207, '桃江县', 4),
(1740, 207, '安化县', 4),
(1741, 208, '江华', 4),
(1742, 208, '冷水滩区', 4),
(1743, 208, '零陵区', 4),
(1744, 208, '祁阳县', 4),
(1745, 208, '东安县', 4),
(1746, 208, '双牌县', 4),
(1747, 208, '道县', 4),
(1748, 208, '江永县', 4),
(1749, 208, '宁远县', 4),
(1750, 208, '蓝山县', 4),
(1751, 208, '新田县', 4),
(1752, 209, '岳阳楼区', 4),
(1753, 209, '君山区', 4),
(1754, 209, '云溪区', 4),
(1755, 209, '汨罗市', 4),
(1756, 209, '临湘市', 4),
(1757, 209, '岳阳县', 4),
(1758, 209, '华容县', 4),
(1759, 209, '湘阴县', 4),
(1760, 209, '平江县', 4),
(1761, 210, '天元区', 4),
(1762, 210, '荷塘区', 4),
(1763, 210, '芦淞区', 4),
(1764, 210, '石峰区', 4),
(1765, 210, '醴陵市', 4),
(1766, 210, '株洲县', 4),
(1767, 210, '攸县', 4),
(1768, 210, '茶陵县', 4),
(1769, 210, '炎陵县', 4),
(1770, 211, '朝阳区', 4),
(1771, 211, '宽城区', 4),
(1772, 211, '二道区', 4),
(1773, 211, '南关区', 4),
(1774, 211, '绿园区', 4),
(1775, 211, '双阳区', 4),
(1776, 211, '净月潭开发区', 4),
(1777, 211, '高新技术开发区', 4),
(1778, 211, '经济技术开发区', 4),
(1779, 211, '汽车产业开发区', 4),
(1780, 211, '德惠市', 4),
(1781, 211, '九台市', 4),
(1782, 211, '榆树市', 4),
(1783, 211, '农安县', 4),
(1784, 212, '船营区', 4),
(1785, 212, '昌邑区', 4),
(1786, 212, '龙潭区', 4),
(1787, 212, '丰满区', 4),
(1788, 212, '蛟河市', 4),
(1789, 212, '桦甸市', 4),
(1790, 212, '舒兰市', 4),
(1791, 212, '磐石市', 4),
(1792, 212, '永吉县', 4),
(1793, 213, '洮北区', 4),
(1794, 213, '洮南市', 4),
(1795, 213, '大安市', 4),
(1796, 213, '镇赉县', 4),
(1797, 213, '通榆县', 4),
(1798, 214, '江源区', 4),
(1799, 214, '八道江区', 4),
(1800, 214, '长白', 4),
(1801, 214, '临江市', 4),
(1802, 214, '抚松县', 4),
(1803, 214, '靖宇县', 4),
(1804, 215, '龙山区', 4),
(1805, 215, '西安区', 4),
(1806, 215, '东丰县', 4),
(1807, 215, '东辽县', 4),
(1808, 216, '铁西区', 4),
(1809, 216, '铁东区', 4),
(1810, 216, '伊通', 4),
(1811, 216, '公主岭市', 4),
(1812, 216, '双辽市', 4),
(1813, 216, '梨树县', 4),
(1814, 217, '前郭尔罗斯', 4),
(1815, 217, '宁江区', 4),
(1816, 217, '长岭县', 4),
(1817, 217, '乾安县', 4),
(1818, 217, '扶余县', 4),
(1819, 218, '东昌区', 4),
(1820, 218, '二道江区', 4),
(1821, 218, '梅河口市', 4),
(1822, 218, '集安市', 4),
(1823, 218, '通化县', 4),
(1824, 218, '辉南县', 4),
(1825, 218, '柳河县', 4),
(1826, 219, '延吉市', 4),
(1827, 219, '图们市', 4),
(1828, 219, '敦化市', 4),
(1829, 219, '珲春市', 4),
(1830, 219, '龙井市', 4),
(1831, 219, '和龙市', 4),
(1832, 219, '安图县', 4),
(1833, 219, '汪清县', 4),
(1834, 220, '玄武区', 4),
(1835, 220, '鼓楼区', 4),
(1836, 220, '白下区', 4),
(1837, 220, '建邺区', 4),
(1838, 220, '秦淮区', 4),
(1839, 220, '雨花台区', 4),
(1840, 220, '下关区', 4),
(1841, 220, '栖霞区', 4),
(1842, 220, '浦口区', 4),
(1843, 220, '江宁区', 4),
(1844, 220, '六合区', 4),
(1845, 220, '溧水县', 4),
(1846, 220, '高淳县', 4),
(1847, 221, '沧浪区', 4),
(1848, 221, '金阊区', 4),
(1849, 221, '平江区', 4),
(1850, 221, '虎丘区', 4),
(1851, 221, '吴中区', 4),
(1852, 221, '相城区', 4),
(1853, 221, '园区', 4),
(1854, 221, '新区', 4),
(1855, 221, '常熟市', 4),
(1856, 221, '张家港市', 4),
(1857, 221, '玉山镇', 4),
(1858, 221, '巴城镇', 4),
(1859, 221, '周市镇', 4),
(1860, 221, '陆家镇', 4),
(1861, 221, '花桥镇', 4),
(1862, 221, '淀山湖镇', 4),
(1863, 221, '张浦镇', 4),
(1864, 221, '周庄镇', 4),
(1865, 221, '千灯镇', 4),
(1866, 221, '锦溪镇', 4),
(1867, 221, '开发区', 4),
(1868, 221, '吴江市', 4),
(1869, 221, '太仓市', 4),
(1870, 222, '崇安区', 4),
(1871, 222, '北塘区', 4),
(1872, 222, '南长区', 4),
(1873, 222, '锡山区', 4),
(1874, 222, '惠山区', 4),
(1875, 222, '滨湖区', 4),
(1876, 222, '新区', 4),
(1877, 222, '江阴市', 4),
(1878, 222, '宜兴市', 4),
(1879, 223, '天宁区', 4),
(1880, 223, '钟楼区', 4),
(1881, 223, '戚墅堰区', 4),
(1882, 223, '郊区', 4),
(1883, 223, '新北区', 4),
(1884, 223, '武进区', 4),
(1885, 223, '溧阳市', 4),
(1886, 223, '金坛市', 4),
(1887, 224, '清河区', 4),
(1888, 224, '清浦区', 4),
(1889, 224, '楚州区', 4),
(1890, 224, '淮阴区', 4),
(1891, 224, '涟水县', 4),
(1892, 224, '洪泽县', 4),
(1893, 224, '盱眙县', 4),
(1894, 224, '金湖县', 4),
(1895, 225, '新浦区', 4),
(1896, 225, '连云区', 4),
(1897, 225, '海州区', 4),
(1898, 225, '赣榆县', 4),
(1899, 225, '东海县', 4),
(1900, 225, '灌云县', 4),
(1901, 225, '灌南县', 4),
(1902, 226, '崇川区', 4),
(1903, 226, '港闸区', 4),
(1904, 226, '经济开发区', 4),
(1905, 226, '启东市', 4),
(1906, 226, '如皋市', 4),
(1907, 226, '通州市', 4),
(1908, 226, '海门市', 4),
(1909, 226, '海安县', 4),
(1910, 226, '如东县', 4),
(1911, 227, '宿城区', 4),
(1912, 227, '宿豫区', 4),
(1913, 227, '宿豫县', 4),
(1914, 227, '沭阳县', 4),
(1915, 227, '泗阳县', 4),
(1916, 227, '泗洪县', 4),
(1917, 228, '海陵区', 4),
(1918, 228, '高港区', 4),
(1919, 228, '兴化市', 4),
(1920, 228, '靖江市', 4),
(1921, 228, '泰兴市', 4),
(1922, 228, '姜堰市', 4),
(1923, 229, '云龙区', 4),
(1924, 229, '鼓楼区', 4),
(1925, 229, '九里区', 4),
(1926, 229, '贾汪区', 4),
(1927, 229, '泉山区', 4),
(1928, 229, '新沂市', 4),
(1929, 229, '邳州市', 4),
(1930, 229, '丰县', 4),
(1931, 229, '沛县', 4),
(1932, 229, '铜山县', 4),
(1933, 229, '睢宁县', 4),
(1934, 230, '城区', 4),
(1935, 230, '亭湖区', 4),
(1936, 230, '盐都区', 4),
(1937, 230, '盐都县', 4),
(1938, 230, '东台市', 4),
(1939, 230, '大丰市', 4),
(1940, 230, '响水县', 4),
(1941, 230, '滨海县', 4),
(1942, 230, '阜宁县', 4),
(1943, 230, '射阳县', 4),
(1944, 230, '建湖县', 4),
(1945, 231, '广陵区', 4),
(1946, 231, '维扬区', 4),
(1947, 231, '邗江区', 4),
(1948, 231, '仪征市', 4),
(1949, 231, '高邮市', 4),
(1950, 231, '江都市', 4),
(1951, 231, '宝应县', 4),
(1952, 232, '京口区', 4),
(1953, 232, '润州区', 4),
(1954, 232, '丹徒区', 4),
(1955, 232, '丹阳市', 4),
(1956, 232, '扬中市', 4),
(1957, 232, '句容市', 4),
(1958, 233, '东湖区', 4),
(1959, 233, '西湖区', 4),
(1960, 233, '青云谱区', 4),
(1961, 233, '湾里区', 4),
(1962, 233, '青山湖区', 4),
(1963, 233, '红谷滩新区', 4);
INSERT INTO `xc_region_conf` (`id`, `pid`, `name`, `region_level`) VALUES
(1964, 233, '昌北区', 4),
(1965, 233, '高新区', 4),
(1966, 233, '南昌县', 4),
(1967, 233, '新建县', 4),
(1968, 233, '安义县', 4),
(1969, 233, '进贤县', 4),
(1970, 234, '临川区', 4),
(1971, 234, '南城县', 4),
(1972, 234, '黎川县', 4),
(1973, 234, '南丰县', 4),
(1974, 234, '崇仁县', 4),
(1975, 234, '乐安县', 4),
(1976, 234, '宜黄县', 4),
(1977, 234, '金溪县', 4),
(1978, 234, '资溪县', 4),
(1979, 234, '东乡县', 4),
(1980, 234, '广昌县', 4),
(1981, 235, '章贡区', 4),
(1982, 235, '于都县', 4),
(1983, 235, '瑞金市', 4),
(1984, 235, '南康市', 4),
(1985, 235, '赣县', 4),
(1986, 235, '信丰县', 4),
(1987, 235, '大余县', 4),
(1988, 235, '上犹县', 4),
(1989, 235, '崇义县', 4),
(1990, 235, '安远县', 4),
(1991, 235, '龙南县', 4),
(1992, 235, '定南县', 4),
(1993, 235, '全南县', 4),
(1994, 235, '宁都县', 4),
(1995, 235, '兴国县', 4),
(1996, 235, '会昌县', 4),
(1997, 235, '寻乌县', 4),
(1998, 235, '石城县', 4),
(1999, 236, '安福县', 4),
(2000, 236, '吉州区', 4),
(2001, 236, '青原区', 4),
(2002, 236, '井冈山市', 4),
(2003, 236, '吉安县', 4),
(2004, 236, '吉水县', 4),
(2005, 236, '峡江县', 4),
(2006, 236, '新干县', 4),
(2007, 236, '永丰县', 4),
(2008, 236, '泰和县', 4),
(2009, 236, '遂川县', 4),
(2010, 236, '万安县', 4),
(2011, 236, '永新县', 4),
(2012, 237, '珠山区', 4),
(2013, 237, '昌江区', 4),
(2014, 237, '乐平市', 4),
(2015, 237, '浮梁县', 4),
(2016, 238, '浔阳区', 4),
(2017, 238, '庐山区', 4),
(2018, 238, '瑞昌市', 4),
(2019, 238, '九江县', 4),
(2020, 238, '武宁县', 4),
(2021, 238, '修水县', 4),
(2022, 238, '永修县', 4),
(2023, 238, '德安县', 4),
(2024, 238, '星子县', 4),
(2025, 238, '都昌县', 4),
(2026, 238, '湖口县', 4),
(2027, 238, '彭泽县', 4),
(2028, 239, '安源区', 4),
(2029, 239, '湘东区', 4),
(2030, 239, '莲花县', 4),
(2031, 239, '芦溪县', 4),
(2032, 239, '上栗县', 4),
(2033, 240, '信州区', 4),
(2034, 240, '德兴市', 4),
(2035, 240, '上饶县', 4),
(2036, 240, '广丰县', 4),
(2037, 240, '玉山县', 4),
(2038, 240, '铅山县', 4),
(2039, 240, '横峰县', 4),
(2040, 240, '弋阳县', 4),
(2041, 240, '余干县', 4),
(2042, 240, '波阳县', 4),
(2043, 240, '万年县', 4),
(2044, 240, '婺源县', 4),
(2045, 241, '渝水区', 4),
(2046, 241, '分宜县', 4),
(2047, 242, '袁州区', 4),
(2048, 242, '丰城市', 4),
(2049, 242, '樟树市', 4),
(2050, 242, '高安市', 4),
(2051, 242, '奉新县', 4),
(2052, 242, '万载县', 4),
(2053, 242, '上高县', 4),
(2054, 242, '宜丰县', 4),
(2055, 242, '靖安县', 4),
(2056, 242, '铜鼓县', 4),
(2057, 243, '月湖区', 4),
(2058, 243, '贵溪市', 4),
(2059, 243, '余江县', 4),
(2060, 244, '沈河区', 4),
(2061, 244, '皇姑区', 4),
(2062, 244, '和平区', 4),
(2063, 244, '大东区', 4),
(2064, 244, '铁西区', 4),
(2065, 244, '苏家屯区', 4),
(2066, 244, '东陵区', 4),
(2067, 244, '沈北新区', 4),
(2068, 244, '于洪区', 4),
(2069, 244, '浑南新区', 4),
(2070, 244, '新民市', 4),
(2071, 244, '辽中县', 4),
(2072, 244, '康平县', 4),
(2073, 244, '法库县', 4),
(2074, 245, '西岗区', 4),
(2075, 245, '中山区', 4),
(2076, 245, '沙河口区', 4),
(2077, 245, '甘井子区', 4),
(2078, 245, '旅顺口区', 4),
(2079, 245, '金州区', 4),
(2080, 245, '开发区', 4),
(2081, 245, '瓦房店市', 4),
(2082, 245, '普兰店市', 4),
(2083, 245, '庄河市', 4),
(2084, 245, '长海县', 4),
(2085, 246, '铁东区', 4),
(2086, 246, '铁西区', 4),
(2087, 246, '立山区', 4),
(2088, 246, '千山区', 4),
(2089, 246, '岫岩', 4),
(2090, 246, '海城市', 4),
(2091, 246, '台安县', 4),
(2092, 247, '本溪', 4),
(2093, 247, '平山区', 4),
(2094, 247, '明山区', 4),
(2095, 247, '溪湖区', 4),
(2096, 247, '南芬区', 4),
(2097, 247, '桓仁', 4),
(2098, 248, '双塔区', 4),
(2099, 248, '龙城区', 4),
(2100, 248, '喀喇沁左翼蒙古族自治', 4),
(2101, 248, '北票市', 4),
(2102, 248, '凌源市', 4),
(2103, 248, '朝阳县', 4),
(2104, 248, '建平县', 4),
(2105, 249, '振兴区', 4),
(2106, 249, '元宝区', 4),
(2107, 249, '振安区', 4),
(2108, 249, '宽甸', 4),
(2109, 249, '东港市', 4),
(2110, 249, '凤城市', 4),
(2111, 250, '顺城区', 4),
(2112, 250, '新抚区', 4),
(2113, 250, '东洲区', 4),
(2114, 250, '望花区', 4),
(2115, 250, '清原', 4),
(2116, 250, '新宾', 4),
(2117, 250, '抚顺县', 4),
(2118, 251, '阜新', 4),
(2119, 251, '海州区', 4),
(2120, 251, '新邱区', 4),
(2121, 251, '太平区', 4),
(2122, 251, '清河门区', 4),
(2123, 251, '细河区', 4),
(2124, 251, '彰武县', 4),
(2125, 252, '龙港区', 4),
(2126, 252, '南票区', 4),
(2127, 252, '连山区', 4),
(2128, 252, '兴城市', 4),
(2129, 252, '绥中县', 4),
(2130, 252, '建昌县', 4),
(2131, 253, '太和区', 4),
(2132, 253, '古塔区', 4),
(2133, 253, '凌河区', 4),
(2134, 253, '凌海市', 4),
(2135, 253, '北镇市', 4),
(2136, 253, '黑山县', 4),
(2137, 253, '义县', 4),
(2138, 254, '白塔区', 4),
(2139, 254, '文圣区', 4),
(2140, 254, '宏伟区', 4),
(2141, 254, '太子河区', 4),
(2142, 254, '弓长岭区', 4),
(2143, 254, '灯塔市', 4),
(2144, 254, '辽阳县', 4),
(2145, 255, '双台子区', 4),
(2146, 255, '兴隆台区', 4),
(2147, 255, '大洼县', 4),
(2148, 255, '盘山县', 4),
(2149, 256, '银州区', 4),
(2150, 256, '清河区', 4),
(2151, 256, '调兵山市', 4),
(2152, 256, '开原市', 4),
(2153, 256, '铁岭县', 4),
(2154, 256, '西丰县', 4),
(2155, 256, '昌图县', 4),
(2156, 257, '站前区', 4),
(2157, 257, '西市区', 4),
(2158, 257, '鲅鱼圈区', 4),
(2159, 257, '老边区', 4),
(2160, 257, '盖州市', 4),
(2161, 257, '大石桥市', 4),
(2162, 258, '回民区', 4),
(2163, 258, '玉泉区', 4),
(2164, 258, '新城区', 4),
(2165, 258, '赛罕区', 4),
(2166, 258, '清水河县', 4),
(2167, 258, '土默特左旗', 4),
(2168, 258, '托克托县', 4),
(2169, 258, '和林格尔县', 4),
(2170, 258, '武川县', 4),
(2171, 259, '阿拉善左旗', 4),
(2172, 259, '阿拉善右旗', 4),
(2173, 259, '额济纳旗', 4),
(2174, 260, '临河区', 4),
(2175, 260, '五原县', 4),
(2176, 260, '磴口县', 4),
(2177, 260, '乌拉特前旗', 4),
(2178, 260, '乌拉特中旗', 4),
(2179, 260, '乌拉特后旗', 4),
(2180, 260, '杭锦后旗', 4),
(2181, 261, '昆都仑区', 4),
(2182, 261, '青山区', 4),
(2183, 261, '东河区', 4),
(2184, 261, '九原区', 4),
(2185, 261, '石拐区', 4),
(2186, 261, '白云矿区', 4),
(2187, 261, '土默特右旗', 4),
(2188, 261, '固阳县', 4),
(2189, 261, '达尔罕茂明安联合旗', 4),
(2190, 262, '红山区', 4),
(2191, 262, '元宝山区', 4),
(2192, 262, '松山区', 4),
(2193, 262, '阿鲁科尔沁旗', 4),
(2194, 262, '巴林左旗', 4),
(2195, 262, '巴林右旗', 4),
(2196, 262, '林西县', 4),
(2197, 262, '克什克腾旗', 4),
(2198, 262, '翁牛特旗', 4),
(2199, 262, '喀喇沁旗', 4),
(2200, 262, '宁城县', 4),
(2201, 262, '敖汉旗', 4),
(2202, 263, '东胜区', 4),
(2203, 263, '达拉特旗', 4),
(2204, 263, '准格尔旗', 4),
(2205, 263, '鄂托克前旗', 4),
(2206, 263, '鄂托克旗', 4),
(2207, 263, '杭锦旗', 4),
(2208, 263, '乌审旗', 4),
(2209, 263, '伊金霍洛旗', 4),
(2210, 264, '海拉尔区', 4),
(2211, 264, '莫力达瓦', 4),
(2212, 264, '满洲里市', 4),
(2213, 264, '牙克石市', 4),
(2214, 264, '扎兰屯市', 4),
(2215, 264, '额尔古纳市', 4),
(2216, 264, '根河市', 4),
(2217, 264, '阿荣旗', 4),
(2218, 264, '鄂伦春自治旗', 4),
(2219, 264, '鄂温克族自治旗', 4),
(2220, 264, '陈巴尔虎旗', 4),
(2221, 264, '新巴尔虎左旗', 4),
(2222, 264, '新巴尔虎右旗', 4),
(2223, 265, '科尔沁区', 4),
(2224, 265, '霍林郭勒市', 4),
(2225, 265, '科尔沁左翼中旗', 4),
(2226, 265, '科尔沁左翼后旗', 4),
(2227, 265, '开鲁县', 4),
(2228, 265, '库伦旗', 4),
(2229, 265, '奈曼旗', 4),
(2230, 265, '扎鲁特旗', 4),
(2231, 266, '海勃湾区', 4),
(2232, 266, '乌达区', 4),
(2233, 266, '海南区', 4),
(2234, 267, '化德县', 4),
(2235, 267, '集宁区', 4),
(2236, 267, '丰镇市', 4),
(2237, 267, '卓资县', 4),
(2238, 267, '商都县', 4),
(2239, 267, '兴和县', 4),
(2240, 267, '凉城县', 4),
(2241, 267, '察哈尔右翼前旗', 4),
(2242, 267, '察哈尔右翼中旗', 4),
(2243, 267, '察哈尔右翼后旗', 4),
(2244, 267, '四子王旗', 4),
(2245, 268, '二连浩特市', 4),
(2246, 268, '锡林浩特市', 4),
(2247, 268, '阿巴嘎旗', 4),
(2248, 268, '苏尼特左旗', 4),
(2249, 268, '苏尼特右旗', 4),
(2250, 268, '东乌珠穆沁旗', 4),
(2251, 268, '西乌珠穆沁旗', 4),
(2252, 268, '太仆寺旗', 4),
(2253, 268, '镶黄旗', 4),
(2254, 268, '正镶白旗', 4),
(2255, 268, '正蓝旗', 4),
(2256, 268, '多伦县', 4),
(2257, 269, '乌兰浩特市', 4),
(2258, 269, '阿尔山市', 4),
(2259, 269, '科尔沁右翼前旗', 4),
(2260, 269, '科尔沁右翼中旗', 4),
(2261, 269, '扎赉特旗', 4),
(2262, 269, '突泉县', 4),
(2263, 270, '西夏区', 4),
(2264, 270, '金凤区', 4),
(2265, 270, '兴庆区', 4),
(2266, 270, '灵武市', 4),
(2267, 270, '永宁县', 4),
(2268, 270, '贺兰县', 4),
(2269, 271, '原州区', 4),
(2270, 271, '海原县', 4),
(2271, 271, '西吉县', 4),
(2272, 271, '隆德县', 4),
(2273, 271, '泾源县', 4),
(2274, 271, '彭阳县', 4),
(2275, 272, '惠农县', 4),
(2276, 272, '大武口区', 4),
(2277, 272, '惠农区', 4),
(2278, 272, '陶乐县', 4),
(2279, 272, '平罗县', 4),
(2280, 273, '利通区', 4),
(2281, 273, '中卫县', 4),
(2282, 273, '青铜峡市', 4),
(2283, 273, '中宁县', 4),
(2284, 273, '盐池县', 4),
(2285, 273, '同心县', 4),
(2286, 274, '沙坡头区', 4),
(2287, 274, '海原县', 4),
(2288, 274, '中宁县', 4),
(2289, 275, '城中区', 4),
(2290, 275, '城东区', 4),
(2291, 275, '城西区', 4),
(2292, 275, '城北区', 4),
(2293, 275, '湟中县', 4),
(2294, 275, '湟源县', 4),
(2295, 275, '大通', 4),
(2296, 276, '玛沁县', 4),
(2297, 276, '班玛县', 4),
(2298, 276, '甘德县', 4),
(2299, 276, '达日县', 4),
(2300, 276, '久治县', 4),
(2301, 276, '玛多县', 4),
(2302, 277, '海晏县', 4),
(2303, 277, '祁连县', 4),
(2304, 277, '刚察县', 4),
(2305, 277, '门源', 4),
(2306, 278, '平安县', 4),
(2307, 278, '乐都县', 4),
(2308, 278, '民和', 4),
(2309, 278, '互助', 4),
(2310, 278, '化隆', 4),
(2311, 278, '循化', 4),
(2312, 279, '共和县', 4),
(2313, 279, '同德县', 4),
(2314, 279, '贵德县', 4),
(2315, 279, '兴海县', 4),
(2316, 279, '贵南县', 4),
(2317, 280, '德令哈市', 4),
(2318, 280, '格尔木市', 4),
(2319, 280, '乌兰县', 4),
(2320, 280, '都兰县', 4),
(2321, 280, '天峻县', 4),
(2322, 281, '同仁县', 4),
(2323, 281, '尖扎县', 4),
(2324, 281, '泽库县', 4),
(2325, 281, '河南蒙古族自治县', 4),
(2326, 282, '玉树县', 4),
(2327, 282, '杂多县', 4),
(2328, 282, '称多县', 4),
(2329, 282, '治多县', 4),
(2330, 282, '囊谦县', 4),
(2331, 282, '曲麻莱县', 4),
(2332, 283, '市中区', 4),
(2333, 283, '历下区', 4),
(2334, 283, '天桥区', 4),
(2335, 283, '槐荫区', 4),
(2336, 283, '历城区', 4),
(2337, 283, '长清区', 4),
(2338, 283, '章丘市', 4),
(2339, 283, '平阴县', 4),
(2340, 283, '济阳县', 4),
(2341, 283, '商河县', 4),
(2342, 284, '市南区', 4),
(2343, 284, '市北区', 4),
(2344, 284, '城阳区', 4),
(2345, 284, '四方区', 4),
(2346, 284, '李沧区', 4),
(2347, 284, '黄岛区', 4),
(2348, 284, '崂山区', 4),
(2349, 284, '胶州市', 4),
(2350, 284, '即墨市', 4),
(2351, 284, '平度市', 4),
(2352, 284, '胶南市', 4),
(2353, 284, '莱西市', 4),
(2354, 285, '滨城区', 4),
(2355, 285, '惠民县', 4),
(2356, 285, '阳信县', 4),
(2357, 285, '无棣县', 4),
(2358, 285, '沾化县', 4),
(2359, 285, '博兴县', 4),
(2360, 285, '邹平县', 4),
(2361, 286, '德城区', 4),
(2362, 286, '陵县', 4),
(2363, 286, '乐陵市', 4),
(2364, 286, '禹城市', 4),
(2365, 286, '宁津县', 4),
(2366, 286, '庆云县', 4),
(2367, 286, '临邑县', 4),
(2368, 286, '齐河县', 4),
(2369, 286, '平原县', 4),
(2370, 286, '夏津县', 4),
(2371, 286, '武城县', 4),
(2372, 287, '东营区', 4),
(2373, 287, '河口区', 4),
(2374, 287, '垦利县', 4),
(2375, 287, '利津县', 4),
(2376, 287, '广饶县', 4),
(2377, 288, '牡丹区', 4),
(2378, 288, '曹县', 4),
(2379, 288, '单县', 4),
(2380, 288, '成武县', 4),
(2381, 288, '巨野县', 4),
(2382, 288, '郓城县', 4),
(2383, 288, '鄄城县', 4),
(2384, 288, '定陶县', 4),
(2385, 288, '东明县', 4),
(2386, 289, '市中区', 4),
(2387, 289, '任城区', 4),
(2388, 289, '曲阜市', 4),
(2389, 289, '兖州市', 4),
(2390, 289, '邹城市', 4),
(2391, 289, '微山县', 4),
(2392, 289, '鱼台县', 4),
(2393, 289, '金乡县', 4),
(2394, 289, '嘉祥县', 4),
(2395, 289, '汶上县', 4),
(2396, 289, '泗水县', 4),
(2397, 289, '梁山县', 4),
(2398, 290, '莱城区', 4),
(2399, 290, '钢城区', 4),
(2400, 291, '东昌府区', 4),
(2401, 291, '临清市', 4),
(2402, 291, '阳谷县', 4),
(2403, 291, '莘县', 4),
(2404, 291, '茌平县', 4),
(2405, 291, '东阿县', 4),
(2406, 291, '冠县', 4),
(2407, 291, '高唐县', 4),
(2408, 292, '兰山区', 4),
(2409, 292, '罗庄区', 4),
(2410, 292, '河东区', 4),
(2411, 292, '沂南县', 4),
(2412, 292, '郯城县', 4),
(2413, 292, '沂水县', 4),
(2414, 292, '苍山县', 4),
(2415, 292, '费县', 4),
(2416, 292, '平邑县', 4),
(2417, 292, '莒南县', 4),
(2418, 292, '蒙阴县', 4),
(2419, 292, '临沭县', 4),
(2420, 293, '东港区', 4),
(2421, 293, '岚山区', 4),
(2422, 293, '五莲县', 4),
(2423, 293, '莒县', 4),
(2424, 294, '泰山区', 4),
(2425, 294, '岱岳区', 4),
(2426, 294, '新泰市', 4),
(2427, 294, '肥城市', 4),
(2428, 294, '宁阳县', 4),
(2429, 294, '东平县', 4),
(2430, 295, '荣成市', 4),
(2431, 295, '乳山市', 4),
(2432, 295, '环翠区', 4),
(2433, 295, '文登市', 4),
(2434, 296, '潍城区', 4),
(2435, 296, '寒亭区', 4),
(2436, 296, '坊子区', 4),
(2437, 296, '奎文区', 4),
(2438, 296, '青州市', 4),
(2439, 296, '诸城市', 4),
(2440, 296, '寿光市', 4),
(2441, 296, '安丘市', 4),
(2442, 296, '高密市', 4),
(2443, 296, '昌邑市', 4),
(2444, 296, '临朐县', 4),
(2445, 296, '昌乐县', 4),
(2446, 297, '芝罘区', 4),
(2447, 297, '福山区', 4),
(2448, 297, '牟平区', 4),
(2449, 297, '莱山区', 4),
(2450, 297, '开发区', 4),
(2451, 297, '龙口市', 4),
(2452, 297, '莱阳市', 4),
(2453, 297, '莱州市', 4),
(2454, 297, '蓬莱市', 4),
(2455, 297, '招远市', 4),
(2456, 297, '栖霞市', 4),
(2457, 297, '海阳市', 4),
(2458, 297, '长岛县', 4),
(2459, 298, '市中区', 4),
(2460, 298, '山亭区', 4),
(2461, 298, '峄城区', 4),
(2462, 298, '台儿庄区', 4),
(2463, 298, '薛城区', 4),
(2464, 298, '滕州市', 4),
(2465, 299, '张店区', 4),
(2466, 299, '临淄区', 4),
(2467, 299, '淄川区', 4),
(2468, 299, '博山区', 4),
(2469, 299, '周村区', 4),
(2470, 299, '桓台县', 4),
(2471, 299, '高青县', 4),
(2472, 299, '沂源县', 4),
(2473, 300, '杏花岭区', 4),
(2474, 300, '小店区', 4),
(2475, 300, '迎泽区', 4),
(2476, 300, '尖草坪区', 4),
(2477, 300, '万柏林区', 4),
(2478, 300, '晋源区', 4),
(2479, 300, '高新开发区', 4),
(2480, 300, '民营经济开发区', 4),
(2481, 300, '经济技术开发区', 4),
(2482, 300, '清徐县', 4),
(2483, 300, '阳曲县', 4),
(2484, 300, '娄烦县', 4),
(2485, 300, '古交市', 4),
(2486, 301, '城区', 4),
(2487, 301, '郊区', 4),
(2488, 301, '沁县', 4),
(2489, 301, '潞城市', 4),
(2490, 301, '长治县', 4),
(2491, 301, '襄垣县', 4),
(2492, 301, '屯留县', 4),
(2493, 301, '平顺县', 4),
(2494, 301, '黎城县', 4),
(2495, 301, '壶关县', 4),
(2496, 301, '长子县', 4),
(2497, 301, '武乡县', 4),
(2498, 301, '沁源县', 4),
(2499, 302, '城区', 4),
(2500, 302, '矿区', 4),
(2501, 302, '南郊区', 4),
(2502, 302, '新荣区', 4),
(2503, 302, '阳高县', 4),
(2504, 302, '天镇县', 4),
(2505, 302, '广灵县', 4),
(2506, 302, '灵丘县', 4),
(2507, 302, '浑源县', 4),
(2508, 302, '左云县', 4),
(2509, 302, '大同县', 4),
(2510, 303, '城区', 4),
(2511, 303, '高平市', 4),
(2512, 303, '沁水县', 4),
(2513, 303, '阳城县', 4),
(2514, 303, '陵川县', 4),
(2515, 303, '泽州县', 4),
(2516, 304, '榆次区', 4),
(2517, 304, '介休市', 4),
(2518, 304, '榆社县', 4),
(2519, 304, '左权县', 4),
(2520, 304, '和顺县', 4),
(2521, 304, '昔阳县', 4),
(2522, 304, '寿阳县', 4),
(2523, 304, '太谷县', 4),
(2524, 304, '祁县', 4),
(2525, 304, '平遥县', 4),
(2526, 304, '灵石县', 4),
(2527, 305, '尧都区', 4),
(2528, 305, '侯马市', 4),
(2529, 305, '霍州市', 4),
(2530, 305, '曲沃县', 4),
(2531, 305, '翼城县', 4),
(2532, 305, '襄汾县', 4),
(2533, 305, '洪洞县', 4),
(2534, 305, '吉县', 4),
(2535, 305, '安泽县', 4),
(2536, 305, '浮山县', 4),
(2537, 305, '古县', 4),
(2538, 305, '乡宁县', 4),
(2539, 305, '大宁县', 4),
(2540, 305, '隰县', 4),
(2541, 305, '永和县', 4),
(2542, 305, '蒲县', 4),
(2543, 305, '汾西县', 4),
(2544, 306, '离石市', 4),
(2545, 306, '离石区', 4),
(2546, 306, '孝义市', 4),
(2547, 306, '汾阳市', 4),
(2548, 306, '文水县', 4),
(2549, 306, '交城县', 4),
(2550, 306, '兴县', 4),
(2551, 306, '临县', 4),
(2552, 306, '柳林县', 4),
(2553, 306, '石楼县', 4),
(2554, 306, '岚县', 4),
(2555, 306, '方山县', 4),
(2556, 306, '中阳县', 4),
(2557, 306, '交口县', 4),
(2558, 307, '朔城区', 4),
(2559, 307, '平鲁区', 4),
(2560, 307, '山阴县', 4),
(2561, 307, '应县', 4),
(2562, 307, '右玉县', 4),
(2563, 307, '怀仁县', 4),
(2564, 308, '忻府区', 4),
(2565, 308, '原平市', 4),
(2566, 308, '定襄县', 4),
(2567, 308, '五台县', 4),
(2568, 308, '代县', 4),
(2569, 308, '繁峙县', 4),
(2570, 308, '宁武县', 4),
(2571, 308, '静乐县', 4),
(2572, 308, '神池县', 4),
(2573, 308, '五寨县', 4),
(2574, 308, '岢岚县', 4),
(2575, 308, '河曲县', 4),
(2576, 308, '保德县', 4),
(2577, 308, '偏关县', 4),
(2578, 309, '城区', 4),
(2579, 309, '矿区', 4),
(2580, 309, '郊区', 4),
(2581, 309, '平定县', 4),
(2582, 309, '盂县', 4),
(2583, 310, '盐湖区', 4),
(2584, 310, '永济市', 4),
(2585, 310, '河津市', 4),
(2586, 310, '临猗县', 4),
(2587, 310, '万荣县', 4),
(2588, 310, '闻喜县', 4),
(2589, 310, '稷山县', 4),
(2590, 310, '新绛县', 4),
(2591, 310, '绛县', 4),
(2592, 310, '垣曲县', 4),
(2593, 310, '夏县', 4),
(2594, 310, '平陆县', 4),
(2595, 310, '芮城县', 4),
(2596, 311, '莲湖区', 4),
(2597, 311, '新城区', 4),
(2598, 311, '碑林区', 4),
(2599, 311, '雁塔区', 4),
(2600, 311, '灞桥区', 4),
(2601, 311, '未央区', 4),
(2602, 311, '阎良区', 4),
(2603, 311, '临潼区', 4),
(2604, 311, '长安区', 4),
(2605, 311, '蓝田县', 4),
(2606, 311, '周至县', 4),
(2607, 311, '户县', 4),
(2608, 311, '高陵县', 4),
(2609, 312, '汉滨区', 4),
(2610, 312, '汉阴县', 4),
(2611, 312, '石泉县', 4),
(2612, 312, '宁陕县', 4),
(2613, 312, '紫阳县', 4),
(2614, 312, '岚皋县', 4),
(2615, 312, '平利县', 4),
(2616, 312, '镇坪县', 4),
(2617, 312, '旬阳县', 4),
(2618, 312, '白河县', 4),
(2619, 313, '陈仓区', 4),
(2620, 313, '渭滨区', 4),
(2621, 313, '金台区', 4),
(2622, 313, '凤翔县', 4),
(2623, 313, '岐山县', 4),
(2624, 313, '扶风县', 4),
(2625, 313, '眉县', 4),
(2626, 313, '陇县', 4),
(2627, 313, '千阳县', 4),
(2628, 313, '麟游县', 4),
(2629, 313, '凤县', 4),
(2630, 313, '太白县', 4),
(2631, 314, '汉台区', 4),
(2632, 314, '南郑县', 4),
(2633, 314, '城固县', 4),
(2634, 314, '洋县', 4),
(2635, 314, '西乡县', 4),
(2636, 314, '勉县', 4),
(2637, 314, '宁强县', 4),
(2638, 314, '略阳县', 4),
(2639, 314, '镇巴县', 4),
(2640, 314, '留坝县', 4),
(2641, 314, '佛坪县', 4),
(2642, 315, '商州区', 4),
(2643, 315, '洛南县', 4),
(2644, 315, '丹凤县', 4),
(2645, 315, '商南县', 4),
(2646, 315, '山阳县', 4),
(2647, 315, '镇安县', 4),
(2648, 315, '柞水县', 4),
(2649, 316, '耀州区', 4),
(2650, 316, '王益区', 4),
(2651, 316, '印台区', 4),
(2652, 316, '宜君县', 4),
(2653, 317, '临渭区', 4),
(2654, 317, '韩城市', 4),
(2655, 317, '华阴市', 4),
(2656, 317, '华县', 4),
(2657, 317, '潼关县', 4),
(2658, 317, '大荔县', 4),
(2659, 317, '合阳县', 4),
(2660, 317, '澄城县', 4),
(2661, 317, '蒲城县', 4),
(2662, 317, '白水县', 4),
(2663, 317, '富平县', 4),
(2664, 318, '秦都区', 4),
(2665, 318, '渭城区', 4),
(2666, 318, '杨陵区', 4),
(2667, 318, '兴平市', 4),
(2668, 318, '三原县', 4),
(2669, 318, '泾阳县', 4),
(2670, 318, '乾县', 4),
(2671, 318, '礼泉县', 4),
(2672, 318, '永寿县', 4),
(2673, 318, '彬县', 4),
(2674, 318, '长武县', 4),
(2675, 318, '旬邑县', 4),
(2676, 318, '淳化县', 4),
(2677, 318, '武功县', 4),
(2678, 319, '吴起县', 4),
(2679, 319, '宝塔区', 4),
(2680, 319, '延长县', 4),
(2681, 319, '延川县', 4),
(2682, 319, '子长县', 4),
(2683, 319, '安塞县', 4),
(2684, 319, '志丹县', 4),
(2685, 319, '甘泉县', 4),
(2686, 319, '富县', 4),
(2687, 319, '洛川县', 4),
(2688, 319, '宜川县', 4),
(2689, 319, '黄龙县', 4),
(2690, 319, '黄陵县', 4),
(2691, 320, '榆阳区', 4),
(2692, 320, '神木县', 4),
(2693, 320, '府谷县', 4),
(2694, 320, '横山县', 4),
(2695, 320, '靖边县', 4),
(2696, 320, '定边县', 4),
(2697, 320, '绥德县', 4),
(2698, 320, '米脂县', 4),
(2699, 320, '佳县', 4),
(2700, 320, '吴堡县', 4),
(2701, 320, '清涧县', 4),
(2702, 320, '子洲县', 4),
(2703, 321, '长宁区', 4),
(2704, 321, '闸北区', 4),
(2705, 321, '闵行区', 4),
(2706, 321, '徐汇区', 4),
(2707, 321, '浦东新区', 4),
(2708, 321, '杨浦区', 4),
(2709, 321, '普陀区', 4),
(2710, 321, '静安区', 4),
(2711, 321, '卢湾区', 4),
(2712, 321, '虹口区', 4),
(2713, 321, '黄浦区', 4),
(2714, 321, '南汇区', 4),
(2715, 321, '松江区', 4),
(2716, 321, '嘉定区', 4),
(2717, 321, '宝山区', 4),
(2718, 321, '青浦区', 4),
(2719, 321, '金山区', 4),
(2720, 321, '奉贤区', 4),
(2721, 321, '崇明县', 4),
(2722, 322, '青羊区', 4),
(2723, 322, '锦江区', 4),
(2724, 322, '金牛区', 4),
(2725, 322, '武侯区', 4),
(2726, 322, '成华区', 4),
(2727, 322, '龙泉驿区', 4),
(2728, 322, '青白江区', 4),
(2729, 322, '新都区', 4),
(2730, 322, '温江区', 4),
(2731, 322, '高新区', 4),
(2732, 322, '高新西区', 4),
(2733, 322, '都江堰市', 4),
(2734, 322, '彭州市', 4),
(2735, 322, '邛崃市', 4),
(2736, 322, '崇州市', 4),
(2737, 322, '金堂县', 4),
(2738, 322, '双流县', 4),
(2739, 322, '郫县', 4),
(2740, 322, '大邑县', 4),
(2741, 322, '蒲江县', 4),
(2742, 322, '新津县', 4),
(2743, 322, '都江堰市', 4),
(2744, 322, '彭州市', 4),
(2745, 322, '邛崃市', 4),
(2746, 322, '崇州市', 4),
(2747, 322, '金堂县', 4),
(2748, 322, '双流县', 4),
(2749, 322, '郫县', 4),
(2750, 322, '大邑县', 4),
(2751, 322, '蒲江县', 4),
(2752, 322, '新津县', 4),
(2753, 323, '涪城区', 4),
(2754, 323, '游仙区', 4),
(2755, 323, '江油市', 4),
(2756, 323, '盐亭县', 4),
(2757, 323, '三台县', 4),
(2758, 323, '平武县', 4),
(2759, 323, '安县', 4),
(2760, 323, '梓潼县', 4),
(2761, 323, '北川县', 4),
(2762, 324, '马尔康县', 4),
(2763, 324, '汶川县', 4),
(2764, 324, '理县', 4),
(2765, 324, '茂县', 4),
(2766, 324, '松潘县', 4),
(2767, 324, '九寨沟县', 4),
(2768, 324, '金川县', 4),
(2769, 324, '小金县', 4),
(2770, 324, '黑水县', 4),
(2771, 324, '壤塘县', 4),
(2772, 324, '阿坝县', 4),
(2773, 324, '若尔盖县', 4),
(2774, 324, '红原县', 4),
(2775, 325, '巴州区', 4),
(2776, 325, '通江县', 4),
(2777, 325, '南江县', 4),
(2778, 325, '平昌县', 4),
(2779, 326, '通川区', 4),
(2780, 326, '万源市', 4),
(2781, 326, '达县', 4),
(2782, 326, '宣汉县', 4),
(2783, 326, '开江县', 4),
(2784, 326, '大竹县', 4),
(2785, 326, '渠县', 4),
(2786, 327, '旌阳区', 4),
(2787, 327, '广汉市', 4),
(2788, 327, '什邡市', 4),
(2789, 327, '绵竹市', 4),
(2790, 327, '罗江县', 4),
(2791, 327, '中江县', 4),
(2792, 328, '康定县', 4),
(2793, 328, '丹巴县', 4),
(2794, 328, '泸定县', 4),
(2795, 328, '炉霍县', 4),
(2796, 328, '九龙县', 4),
(2797, 328, '甘孜县', 4),
(2798, 328, '雅江县', 4),
(2799, 328, '新龙县', 4),
(2800, 328, '道孚县', 4),
(2801, 328, '白玉县', 4),
(2802, 328, '理塘县', 4),
(2803, 328, '德格县', 4),
(2804, 328, '乡城县', 4),
(2805, 328, '石渠县', 4),
(2806, 328, '稻城县', 4),
(2807, 328, '色达县', 4),
(2808, 328, '巴塘县', 4),
(2809, 328, '得荣县', 4),
(2810, 329, '广安区', 4),
(2811, 329, '华蓥市', 4),
(2812, 329, '岳池县', 4),
(2813, 329, '武胜县', 4),
(2814, 329, '邻水县', 4),
(2815, 330, '利州区', 4),
(2816, 330, '元坝区', 4),
(2817, 330, '朝天区', 4),
(2818, 330, '旺苍县', 4),
(2819, 330, '青川县', 4),
(2820, 330, '剑阁县', 4),
(2821, 330, '苍溪县', 4),
(2822, 331, '峨眉山市', 4),
(2823, 331, '乐山市', 4),
(2824, 331, '犍为县', 4),
(2825, 331, '井研县', 4),
(2826, 331, '夹江县', 4),
(2827, 331, '沐川县', 4),
(2828, 331, '峨边', 4),
(2829, 331, '马边', 4),
(2830, 332, '西昌市', 4),
(2831, 332, '盐源县', 4),
(2832, 332, '德昌县', 4),
(2833, 332, '会理县', 4),
(2834, 332, '会东县', 4),
(2835, 332, '宁南县', 4),
(2836, 332, '普格县', 4),
(2837, 332, '布拖县', 4),
(2838, 332, '金阳县', 4),
(2839, 332, '昭觉县', 4),
(2840, 332, '喜德县', 4),
(2841, 332, '冕宁县', 4),
(2842, 332, '越西县', 4),
(2843, 332, '甘洛县', 4),
(2844, 332, '美姑县', 4),
(2845, 332, '雷波县', 4),
(2846, 332, '木里', 4),
(2847, 333, '东坡区', 4),
(2848, 333, '仁寿县', 4),
(2849, 333, '彭山县', 4),
(2850, 333, '洪雅县', 4),
(2851, 333, '丹棱县', 4),
(2852, 333, '青神县', 4),
(2853, 334, '阆中市', 4),
(2854, 334, '南部县', 4),
(2855, 334, '营山县', 4),
(2856, 334, '蓬安县', 4),
(2857, 334, '仪陇县', 4),
(2858, 334, '顺庆区', 4),
(2859, 334, '高坪区', 4),
(2860, 334, '嘉陵区', 4),
(2861, 334, '西充县', 4),
(2862, 335, '市中区', 4),
(2863, 335, '东兴区', 4),
(2864, 335, '威远县', 4),
(2865, 335, '资中县', 4),
(2866, 335, '隆昌县', 4),
(2867, 336, '东  区', 4),
(2868, 336, '西  区', 4),
(2869, 336, '仁和区', 4),
(2870, 336, '米易县', 4),
(2871, 336, '盐边县', 4),
(2872, 337, '船山区', 4),
(2873, 337, '安居区', 4),
(2874, 337, '蓬溪县', 4),
(2875, 337, '射洪县', 4),
(2876, 337, '大英县', 4),
(2877, 338, '雨城区', 4),
(2878, 338, '名山县', 4),
(2879, 338, '荥经县', 4),
(2880, 338, '汉源县', 4),
(2881, 338, '石棉县', 4),
(2882, 338, '天全县', 4),
(2883, 338, '芦山县', 4),
(2884, 338, '宝兴县', 4),
(2885, 339, '翠屏区', 4),
(2886, 339, '宜宾县', 4),
(2887, 339, '南溪县', 4),
(2888, 339, '江安县', 4),
(2889, 339, '长宁县', 4),
(2890, 339, '高县', 4),
(2891, 339, '珙县', 4),
(2892, 339, '筠连县', 4),
(2893, 339, '兴文县', 4),
(2894, 339, '屏山县', 4),
(2895, 340, '雁江区', 4),
(2896, 340, '简阳市', 4),
(2897, 340, '安岳县', 4),
(2898, 340, '乐至县', 4),
(2899, 341, '大安区', 4),
(2900, 341, '自流井区', 4),
(2901, 341, '贡井区', 4),
(2902, 341, '沿滩区', 4),
(2903, 341, '荣县', 4),
(2904, 341, '富顺县', 4),
(2905, 342, '江阳区', 4),
(2906, 342, '纳溪区', 4),
(2907, 342, '龙马潭区', 4),
(2908, 342, '泸县', 4),
(2909, 342, '合江县', 4),
(2910, 342, '叙永县', 4),
(2911, 342, '古蔺县', 4),
(2912, 343, '和平区', 4),
(2913, 343, '河西区', 4),
(2914, 343, '南开区', 4),
(2915, 343, '河北区', 4),
(2916, 343, '河东区', 4),
(2917, 343, '红桥区', 4),
(2918, 343, '东丽区', 4),
(2919, 343, '津南区', 4),
(2920, 343, '西青区', 4),
(2921, 343, '北辰区', 4),
(2922, 343, '塘沽区', 4),
(2923, 343, '汉沽区', 4),
(2924, 343, '大港区', 4),
(2925, 343, '武清区', 4),
(2926, 343, '宝坻区', 4),
(2927, 343, '经济开发区', 4),
(2928, 343, '宁河县', 4),
(2929, 343, '静海县', 4),
(2930, 343, '蓟县', 4),
(2931, 344, '城关区', 4),
(2932, 344, '林周县', 4),
(2933, 344, '当雄县', 4),
(2934, 344, '尼木县', 4),
(2935, 344, '曲水县', 4),
(2936, 344, '堆龙德庆县', 4),
(2937, 344, '达孜县', 4),
(2938, 344, '墨竹工卡县', 4),
(2939, 345, '噶尔县', 4),
(2940, 345, '普兰县', 4),
(2941, 345, '札达县', 4),
(2942, 345, '日土县', 4),
(2943, 345, '革吉县', 4),
(2944, 345, '改则县', 4),
(2945, 345, '措勤县', 4),
(2946, 346, '昌都县', 4),
(2947, 346, '江达县', 4),
(2948, 346, '贡觉县', 4),
(2949, 346, '类乌齐县', 4),
(2950, 346, '丁青县', 4),
(2951, 346, '察雅县', 4),
(2952, 346, '八宿县', 4),
(2953, 346, '左贡县', 4),
(2954, 346, '芒康县', 4),
(2955, 346, '洛隆县', 4),
(2956, 346, '边坝县', 4),
(2957, 347, '林芝县', 4),
(2958, 347, '工布江达县', 4),
(2959, 347, '米林县', 4),
(2960, 347, '墨脱县', 4),
(2961, 347, '波密县', 4),
(2962, 347, '察隅县', 4),
(2963, 347, '朗县', 4),
(2964, 348, '那曲县', 4),
(2965, 348, '嘉黎县', 4),
(2966, 348, '比如县', 4),
(2967, 348, '聂荣县', 4),
(2968, 348, '安多县', 4),
(2969, 348, '申扎县', 4),
(2970, 348, '索县', 4),
(2971, 348, '班戈县', 4),
(2972, 348, '巴青县', 4),
(2973, 348, '尼玛县', 4),
(2974, 349, '日喀则市', 4),
(2975, 349, '南木林县', 4),
(2976, 349, '江孜县', 4),
(2977, 349, '定日县', 4),
(2978, 349, '萨迦县', 4),
(2979, 349, '拉孜县', 4),
(2980, 349, '昂仁县', 4),
(2981, 349, '谢通门县', 4),
(2982, 349, '白朗县', 4),
(2983, 349, '仁布县', 4),
(2984, 349, '康马县', 4),
(2985, 349, '定结县', 4),
(2986, 349, '仲巴县', 4),
(2987, 349, '亚东县', 4),
(2988, 349, '吉隆县', 4),
(2989, 349, '聂拉木县', 4),
(2990, 349, '萨嘎县', 4),
(2991, 349, '岗巴县', 4),
(2992, 350, '乃东县', 4),
(2993, 350, '扎囊县', 4),
(2994, 350, '贡嘎县', 4),
(2995, 350, '桑日县', 4),
(2996, 350, '琼结县', 4),
(2997, 350, '曲松县', 4),
(2998, 350, '措美县', 4),
(2999, 350, '洛扎县', 4),
(3000, 350, '加查县', 4),
(3001, 350, '隆子县', 4),
(3002, 350, '错那县', 4),
(3003, 350, '浪卡子县', 4),
(3004, 351, '天山区', 4),
(3005, 351, '沙依巴克区', 4),
(3006, 351, '新市区', 4),
(3007, 351, '水磨沟区', 4),
(3008, 351, '头屯河区', 4),
(3009, 351, '达坂城区', 4),
(3010, 351, '米东区', 4),
(3011, 351, '乌鲁木齐县', 4),
(3012, 352, '阿克苏市', 4),
(3013, 352, '温宿县', 4),
(3014, 352, '库车县', 4),
(3015, 352, '沙雅县', 4),
(3016, 352, '新和县', 4),
(3017, 352, '拜城县', 4),
(3018, 352, '乌什县', 4),
(3019, 352, '阿瓦提县', 4),
(3020, 352, '柯坪县', 4),
(3021, 353, '阿拉尔市', 4),
(3022, 354, '库尔勒市', 4),
(3023, 354, '轮台县', 4),
(3024, 354, '尉犁县', 4),
(3025, 354, '若羌县', 4),
(3026, 354, '且末县', 4),
(3027, 354, '焉耆', 4),
(3028, 354, '和静县', 4),
(3029, 354, '和硕县', 4),
(3030, 354, '博湖县', 4),
(3031, 355, '博乐市', 4),
(3032, 355, '精河县', 4),
(3033, 355, '温泉县', 4),
(3034, 356, '呼图壁县', 4),
(3035, 356, '米泉市', 4),
(3036, 356, '昌吉市', 4),
(3037, 356, '阜康市', 4),
(3038, 356, '玛纳斯县', 4),
(3039, 356, '奇台县', 4),
(3040, 356, '吉木萨尔县', 4),
(3041, 356, '木垒', 4),
(3042, 357, '哈密市', 4),
(3043, 357, '伊吾县', 4),
(3044, 357, '巴里坤', 4),
(3045, 358, '和田市', 4),
(3046, 358, '和田县', 4),
(3047, 358, '墨玉县', 4),
(3048, 358, '皮山县', 4),
(3049, 358, '洛浦县', 4),
(3050, 358, '策勒县', 4),
(3051, 358, '于田县', 4),
(3052, 358, '民丰县', 4),
(3053, 359, '喀什市', 4),
(3054, 359, '疏附县', 4),
(3055, 359, '疏勒县', 4),
(3056, 359, '英吉沙县', 4),
(3057, 359, '泽普县', 4),
(3058, 359, '莎车县', 4),
(3059, 359, '叶城县', 4),
(3060, 359, '麦盖提县', 4),
(3061, 359, '岳普湖县', 4),
(3062, 359, '伽师县', 4),
(3063, 359, '巴楚县', 4),
(3064, 359, '塔什库尔干', 4),
(3065, 360, '克拉玛依市', 4),
(3066, 361, '阿图什市', 4),
(3067, 361, '阿克陶县', 4),
(3068, 361, '阿合奇县', 4),
(3069, 361, '乌恰县', 4),
(3070, 362, '石河子市', 4),
(3071, 363, '图木舒克市', 4),
(3072, 364, '吐鲁番市', 4),
(3073, 364, '鄯善县', 4),
(3074, 364, '托克逊县', 4),
(3075, 365, '五家渠市', 4),
(3076, 366, '阿勒泰市', 4),
(3077, 366, '布克赛尔', 4),
(3078, 366, '伊宁市', 4),
(3079, 366, '布尔津县', 4),
(3080, 366, '奎屯市', 4),
(3081, 366, '乌苏市', 4),
(3082, 366, '额敏县', 4),
(3083, 366, '富蕴县', 4),
(3084, 366, '伊宁县', 4),
(3085, 366, '福海县', 4),
(3086, 366, '霍城县', 4),
(3087, 366, '沙湾县', 4),
(3088, 366, '巩留县', 4),
(3089, 366, '哈巴河县', 4),
(3090, 366, '托里县', 4),
(3091, 366, '青河县', 4),
(3092, 366, '新源县', 4),
(3093, 366, '裕民县', 4),
(3094, 366, '和布克赛尔', 4),
(3095, 366, '吉木乃县', 4),
(3096, 366, '昭苏县', 4),
(3097, 366, '特克斯县', 4),
(3098, 366, '尼勒克县', 4),
(3099, 366, '察布查尔', 4),
(3100, 367, '盘龙区', 4),
(3101, 367, '五华区', 4),
(3102, 367, '官渡区', 4),
(3103, 367, '西山区', 4),
(3104, 367, '东川区', 4),
(3105, 367, '安宁市', 4),
(3106, 367, '呈贡县', 4),
(3107, 367, '晋宁县', 4),
(3108, 367, '富民县', 4),
(3109, 367, '宜良县', 4),
(3110, 367, '嵩明县', 4),
(3111, 367, '石林县', 4),
(3112, 367, '禄劝', 4),
(3113, 367, '寻甸', 4),
(3114, 368, '兰坪', 4),
(3115, 368, '泸水县', 4),
(3116, 368, '福贡县', 4),
(3117, 368, '贡山', 4),
(3118, 369, '宁洱', 4),
(3119, 369, '思茅区', 4),
(3120, 369, '墨江', 4),
(3121, 369, '景东', 4),
(3122, 369, '景谷', 4),
(3123, 369, '镇沅', 4),
(3124, 369, '江城', 4),
(3125, 369, '孟连', 4),
(3126, 369, '澜沧', 4),
(3127, 369, '西盟', 4),
(3128, 370, '古城区', 4),
(3129, 370, '宁蒗', 4),
(3130, 370, '玉龙', 4),
(3131, 370, '永胜县', 4),
(3132, 370, '华坪县', 4),
(3133, 371, '隆阳区', 4),
(3134, 371, '施甸县', 4),
(3135, 371, '腾冲县', 4),
(3136, 371, '龙陵县', 4),
(3137, 371, '昌宁县', 4),
(3138, 372, '楚雄市', 4),
(3139, 372, '双柏县', 4),
(3140, 372, '牟定县', 4),
(3141, 372, '南华县', 4),
(3142, 372, '姚安县', 4),
(3143, 372, '大姚县', 4),
(3144, 372, '永仁县', 4),
(3145, 372, '元谋县', 4),
(3146, 372, '武定县', 4),
(3147, 372, '禄丰县', 4),
(3148, 373, '大理市', 4),
(3149, 373, '祥云县', 4),
(3150, 373, '宾川县', 4),
(3151, 373, '弥渡县', 4),
(3152, 373, '永平县', 4),
(3153, 373, '云龙县', 4),
(3154, 373, '洱源县', 4),
(3155, 373, '剑川县', 4),
(3156, 373, '鹤庆县', 4),
(3157, 373, '漾濞', 4),
(3158, 373, '南涧', 4),
(3159, 373, '巍山', 4),
(3160, 374, '潞西市', 4),
(3161, 374, '瑞丽市', 4),
(3162, 374, '梁河县', 4),
(3163, 374, '盈江县', 4),
(3164, 374, '陇川县', 4),
(3165, 375, '香格里拉县', 4),
(3166, 375, '德钦县', 4),
(3167, 375, '维西', 4),
(3168, 376, '泸西县', 4),
(3169, 376, '蒙自县', 4),
(3170, 376, '个旧市', 4),
(3171, 376, '开远市', 4),
(3172, 376, '绿春县', 4),
(3173, 376, '建水县', 4),
(3174, 376, '石屏县', 4),
(3175, 376, '弥勒县', 4),
(3176, 376, '元阳县', 4),
(3177, 376, '红河县', 4),
(3178, 376, '金平', 4),
(3179, 376, '河口', 4),
(3180, 376, '屏边', 4),
(3181, 377, '临翔区', 4),
(3182, 377, '凤庆县', 4),
(3183, 377, '云县', 4),
(3184, 377, '永德县', 4),
(3185, 377, '镇康县', 4),
(3186, 377, '双江', 4),
(3187, 377, '耿马', 4),
(3188, 377, '沧源', 4),
(3189, 378, '麒麟区', 4),
(3190, 378, '宣威市', 4),
(3191, 378, '马龙县', 4),
(3192, 378, '陆良县', 4),
(3193, 378, '师宗县', 4),
(3194, 378, '罗平县', 4),
(3195, 378, '富源县', 4),
(3196, 378, '会泽县', 4),
(3197, 378, '沾益县', 4),
(3198, 379, '文山县', 4),
(3199, 379, '砚山县', 4),
(3200, 379, '西畴县', 4),
(3201, 379, '麻栗坡县', 4),
(3202, 379, '马关县', 4),
(3203, 379, '丘北县', 4),
(3204, 379, '广南县', 4),
(3205, 379, '富宁县', 4),
(3206, 380, '景洪市', 4),
(3207, 380, '勐海县', 4),
(3208, 380, '勐腊县', 4),
(3209, 381, '红塔区', 4),
(3210, 381, '江川县', 4),
(3211, 381, '澄江县', 4),
(3212, 381, '通海县', 4),
(3213, 381, '华宁县', 4),
(3214, 381, '易门县', 4),
(3215, 381, '峨山', 4),
(3216, 381, '新平', 4),
(3217, 381, '元江', 4),
(3218, 382, '昭阳区', 4),
(3219, 382, '鲁甸县', 4),
(3220, 382, '巧家县', 4),
(3221, 382, '盐津县', 4),
(3222, 382, '大关县', 4),
(3223, 382, '永善县', 4),
(3224, 382, '绥江县', 4),
(3225, 382, '镇雄县', 4),
(3226, 382, '彝良县', 4),
(3227, 382, '威信县', 4),
(3228, 382, '水富县', 4),
(3229, 383, '西湖区', 4),
(3230, 383, '上城区', 4),
(3231, 383, '下城区', 4),
(3232, 383, '拱墅区', 4),
(3233, 383, '滨江区', 4),
(3234, 383, '江干区', 4),
(3235, 383, '萧山区', 4),
(3236, 383, '余杭区', 4),
(3237, 383, '市郊', 4),
(3238, 383, '建德市', 4),
(3239, 383, '富阳市', 4),
(3240, 383, '临安市', 4),
(3241, 383, '桐庐县', 4),
(3242, 383, '淳安县', 4),
(3243, 384, '吴兴区', 4),
(3244, 384, '南浔区', 4),
(3245, 384, '德清县', 4),
(3246, 384, '长兴县', 4),
(3247, 384, '安吉县', 4),
(3248, 385, '南湖区', 4),
(3249, 385, '秀洲区', 4),
(3250, 385, '海宁市', 4),
(3251, 385, '嘉善县', 4),
(3252, 385, '平湖市', 4),
(3253, 385, '桐乡市', 4),
(3254, 385, '海盐县', 4),
(3255, 386, '婺城区', 4),
(3256, 386, '金东区', 4),
(3257, 386, '兰溪市', 4),
(3258, 386, '市区', 4),
(3259, 386, '佛堂镇', 4),
(3260, 386, '上溪镇', 4),
(3261, 386, '义亭镇', 4),
(3262, 386, '大陈镇', 4),
(3263, 386, '苏溪镇', 4),
(3264, 386, '赤岸镇', 4),
(3265, 386, '东阳市', 4),
(3266, 386, '永康市', 4),
(3267, 386, '武义县', 4),
(3268, 386, '浦江县', 4),
(3269, 386, '磐安县', 4),
(3270, 387, '莲都区', 4),
(3271, 387, '龙泉市', 4),
(3272, 387, '青田县', 4),
(3273, 387, '缙云县', 4),
(3274, 387, '遂昌县', 4),
(3275, 387, '松阳县', 4),
(3276, 387, '云和县', 4),
(3277, 387, '庆元县', 4),
(3278, 387, '景宁', 4),
(3279, 388, '海曙区', 4),
(3280, 388, '江东区', 4),
(3281, 388, '江北区', 4),
(3282, 388, '镇海区', 4),
(3283, 388, '北仑区', 4),
(3284, 388, '鄞州区', 4),
(3285, 388, '余姚市', 4),
(3286, 388, '慈溪市', 4),
(3287, 388, '奉化市', 4),
(3288, 388, '象山县', 4),
(3289, 388, '宁海县', 4),
(3290, 389, '越城区', 4),
(3291, 389, '上虞市', 4),
(3292, 389, '嵊州市', 4),
(3293, 389, '绍兴县', 4),
(3294, 389, '新昌县', 4),
(3295, 389, '诸暨市', 4),
(3296, 390, '椒江区', 4),
(3297, 390, '黄岩区', 4),
(3298, 390, '路桥区', 4),
(3299, 390, '温岭市', 4),
(3300, 390, '临海市', 4),
(3301, 390, '玉环县', 4),
(3302, 390, '三门县', 4),
(3303, 390, '天台县', 4),
(3304, 390, '仙居县', 4),
(3305, 391, '鹿城区', 4),
(3306, 391, '龙湾区', 4),
(3307, 391, '瓯海区', 4),
(3308, 391, '瑞安市', 4),
(3309, 391, '乐清市', 4),
(3310, 391, '洞头县', 4),
(3311, 391, '永嘉县', 4),
(3312, 391, '平阳县', 4),
(3313, 391, '苍南县', 4),
(3314, 391, '文成县', 4),
(3315, 391, '泰顺县', 4),
(3316, 392, '定海区', 4),
(3317, 392, '普陀区', 4),
(3318, 392, '岱山县', 4),
(3319, 392, '嵊泗县', 4),
(3320, 393, '衢州市', 4),
(3321, 393, '江山市', 4),
(3322, 393, '常山县', 4),
(3323, 393, '开化县', 4),
(3324, 393, '龙游县', 4),
(3325, 394, '合川区', 4),
(3326, 394, '江津区', 4),
(3327, 394, '南川区', 4),
(3328, 394, '永川区', 4),
(3329, 394, '南岸区', 4),
(3330, 394, '渝北区', 4),
(3331, 394, '万盛区', 4),
(3332, 394, '大渡口区', 4),
(3333, 394, '万州区', 4),
(3334, 394, '北碚区', 4),
(3335, 394, '沙坪坝区', 4),
(3336, 394, '巴南区', 4),
(3337, 394, '涪陵区', 4),
(3338, 394, '江北区', 4),
(3339, 394, '九龙坡区', 4),
(3340, 394, '渝中区', 4),
(3341, 394, '黔江开发区', 4),
(3342, 394, '长寿区', 4),
(3343, 394, '双桥区', 4),
(3344, 394, '綦江县', 4),
(3345, 394, '潼南县', 4),
(3346, 394, '铜梁县', 4),
(3347, 394, '大足县', 4),
(3348, 394, '荣昌县', 4),
(3349, 394, '璧山县', 4),
(3350, 394, '垫江县', 4),
(3351, 394, '武隆县', 4),
(3352, 394, '丰都县', 4),
(3353, 394, '城口县', 4),
(3354, 394, '梁平县', 4),
(3355, 394, '开县', 4),
(3356, 394, '巫溪县', 4),
(3357, 394, '巫山县', 4),
(3358, 394, '奉节县', 4),
(3359, 394, '云阳县', 4),
(3360, 394, '忠县', 4),
(3361, 394, '石柱', 4),
(3362, 394, '彭水', 4),
(3363, 394, '酉阳', 4),
(3364, 394, '秀山', 4),
(3365, 395, '沙田区', 4),
(3366, 395, '东区', 4),
(3367, 395, '观塘区', 4),
(3368, 395, '黄大仙区', 4),
(3369, 395, '九龙城区', 4),
(3370, 395, '屯门区', 4),
(3371, 395, '葵青区', 4),
(3372, 395, '元朗区', 4),
(3373, 395, '深水埗区', 4),
(3374, 395, '西贡区', 4),
(3375, 395, '大埔区', 4),
(3376, 395, '湾仔区', 4),
(3377, 395, '油尖旺区', 4),
(3378, 395, '北区', 4),
(3379, 395, '南区', 4),
(3380, 395, '荃湾区', 4),
(3381, 395, '中西区', 4),
(3382, 395, '离岛区', 4),
(3383, 396, '澳门', 4),
(3384, 397, '台北', 4),
(3385, 397, '高雄', 4),
(3386, 397, '基隆', 4),
(3387, 397, '台中', 4),
(3388, 397, '台南', 4),
(3389, 397, '新竹', 4),
(3390, 397, '嘉义', 4),
(3391, 397, '宜兰县', 4),
(3392, 397, '桃园县', 4),
(3393, 397, '苗栗县', 4),
(3394, 397, '彰化县', 4),
(3395, 397, '南投县', 4),
(3396, 397, '云林县', 4),
(3397, 397, '屏东县', 4),
(3398, 397, '台东县', 4),
(3399, 397, '花莲县', 4),
(3400, 397, '澎湖县', 4),
(1, 0, '中国', 1);

-- --------------------------------------------------------

--
-- 表的结构 `xc_reservation`
--

CREATE TABLE IF NOT EXISTS `xc_reservation` (
  `id` int(10) NOT NULL AUTO_INCREMENT,
  `g_id` int(10) NOT NULL,
  `name` varchar(100) NOT NULL,
  `content` text NOT NULL,
  `uid` int(10) NOT NULL,
  PRIMARY KEY (`id`)
) ENGINE=MyISAM DEFAULT CHARSET=utf8 COMMENT='预约报名' AUTO_INCREMENT=1 ;

-- --------------------------------------------------------

--
-- 表的结构 `xc_reservation_site`
--

CREATE TABLE IF NOT EXISTS `xc_reservation_site` (
  `id` int(10) NOT NULL AUTO_INCREMENT,
  `construction_id` int(10) NOT NULL,
  `uid` int(10) NOT NULL COMMENT '预约用户uid',
  `com_uid` int(10) NOT NULL COMMENT '公司uid',
  `create_time` int(10) NOT NULL,
  `update_time` int(10) NOT NULL,
  PRIMARY KEY (`id`)
) ENGINE=MyISAM  DEFAULT CHARSET=utf8 AUTO_INCREMENT=68 ;

--
-- 转存表中的数据 `xc_reservation_site`
--

INSERT INTO `xc_reservation_site` (`id`, `construction_id`, `uid`, `com_uid`, `create_time`, `update_time`) VALUES
(5, 3, 1, 2, 1335761044, 1335761044),
(2, 5, 1, 2, 1335030622, 1335030622),
(4, 6, 1, 2, 1335760979, 1335760979),
(6, 6, 2, 2, 1335775521, 1335775521),
(7, 5, 2, 2, 1335775524, 1335775524),
(8, 3, 2, 2, 1335775526, 1335775526),
(9, 3, 26, 2, 1337093469, 1337093469),
(25, 17, 37, 2, 1338783021, 1338783021),
(12, 3, 37, 2, 1338174833, 1338174833),
(14, 10, 61, 61, 1338175271, 1338175271),
(15, 6, 61, 2, 1338175297, 1338175297),
(31, 19, 82, 70, 1338790886, 1338790886),
(30, 20, 82, 70, 1338790883, 1338790883),
(24, 6, 39, 2, 1338259530, 1338259530),
(23, 7, 39, 2, 1338259528, 1338259528),
(22, 17, 39, 2, 1338259527, 1338259527),
(21, 17, 72, 2, 1338255363, 1338255363),
(32, 7, 82, 2, 1338790956, 1338790956),
(33, 6, 82, 2, 1338790967, 1338790967),
(34, 5, 82, 2, 1338790969, 1338790969),
(35, 17, 82, 2, 1338791034, 1338791034),
(36, 3, 82, 2, 1338791041, 1338791041),
(37, 17, 83, 2, 1338793098, 1338793098),
(38, 26, 83, 83, 1338793183, 1338793183),
(39, 7, 83, 2, 1338795659, 1338795659),
(40, 6, 83, 2, 1338795661, 1338795661),
(41, 5, 83, 2, 1338795662, 1338795662),
(42, 3, 83, 2, 1338795663, 1338795663),
(43, 22, 83, 39, 1338795667, 1338795667),
(44, 21, 83, 39, 1338795669, 1338795669),
(45, 10, 83, 61, 1338795682, 1338795682),
(46, 25, 83, 83, 1338795695, 1338795695),
(47, 23, 83, 83, 1338795696, 1338795696),
(48, 20, 83, 70, 1338795713, 1338795713),
(49, 19, 83, 70, 1338795714, 1338795714),
(50, 14, 83, 70, 1338795715, 1338795715),
(51, 11, 83, 70, 1338795717, 1338795717),
(52, 7, 37, 2, 1338795788, 1338795788),
(53, 6, 37, 2, 1338795789, 1338795789),
(54, 5, 37, 2, 1338795791, 1338795791),
(55, 22, 37, 39, 1338795796, 1338795796),
(57, 10, 37, 61, 1338795802, 1338795802),
(58, 26, 37, 83, 1338795807, 1338795807),
(59, 25, 37, 83, 1338795808, 1338795808),
(60, 23, 37, 83, 1338795809, 1338795809),
(61, 29, 37, 83, 1339399178, 1339399178),
(62, 28, 37, 83, 1339399188, 1339399188),
(63, 27, 37, 83, 1339399250, 1339399250),
(64, 35, 37, 83, 1339401716, 1339401716),
(65, 33, 37, 83, 1339401717, 1339401717),
(66, 31, 37, 83, 1339466410, 1339466410),
(67, 36, 37, 83, 1339466471, 1339466471);

-- --------------------------------------------------------

--
-- 表的结构 `xc_role`
--

CREATE TABLE IF NOT EXISTS `xc_role` (
  `id` int(11) NOT NULL AUTO_INCREMENT,
  `name` varchar(255) NOT NULL,
  `status` tinyint(1) NOT NULL,
  PRIMARY KEY (`id`)
) ENGINE=MyISAM  DEFAULT CHARSET=utf8 AUTO_INCREMENT=9 ;

--
-- 转存表中的数据 `xc_role`
--

INSERT INTO `xc_role` (`id`, `name`, `status`) VALUES
(3, '编辑管理员', 1),
(5, '文章管理员', 1),
(7, '高级管理员', 1),
(8, '游客', 1);

-- --------------------------------------------------------

--
-- 表的结构 `xc_role_access`
--

CREATE TABLE IF NOT EXISTS `xc_role_access` (
  `id` int(11) NOT NULL AUTO_INCREMENT,
  `role_id` int(11) NOT NULL,
  `node_id` int(11) NOT NULL,
  PRIMARY KEY (`id`)
) ENGINE=MyISAM  DEFAULT CHARSET=utf8 AUTO_INCREMENT=142 ;

--
-- 转存表中的数据 `xc_role_access`
--

INSERT INTO `xc_role_access` (`id`, `role_id`, `node_id`) VALUES
(130, 3, 587),
(129, 3, 565),
(128, 3, 581),
(127, 3, 70),
(18, 5, 65),
(19, 5, 66),
(20, 5, 56),
(112, 7, 203),
(111, 7, 189),
(110, 7, 187),
(109, 7, 186),
(108, 7, 185),
(107, 7, 184),
(106, 7, 183),
(105, 7, 182),
(104, 7, 165),
(103, 7, 161),
(102, 7, 160),
(101, 7, 79),
(126, 3, 583),
(100, 7, 78),
(99, 7, 77),
(98, 7, 76),
(97, 7, 74),
(96, 7, 70),
(95, 7, 66),
(94, 7, 65),
(131, 3, 591),
(125, 3, 66),
(124, 3, 65),
(132, 3, 585),
(133, 3, 160),
(134, 3, 161),
(135, 3, 165),
(136, 3, 589),
(137, 3, 594),
(139, 3, 579),
(140, 3, 575),
(141, 3, 573);

-- --------------------------------------------------------

--
-- 表的结构 `xc_role_nav`
--

CREATE TABLE IF NOT EXISTS `xc_role_nav` (
  `id` int(11) NOT NULL AUTO_INCREMENT,
  `name` varchar(255) NOT NULL,
  `status` tinyint(1) NOT NULL,
  `sort` int(11) NOT NULL,
  PRIMARY KEY (`id`)
) ENGINE=MyISAM  DEFAULT CHARSET=utf8 AUTO_INCREMENT=17 ;

--
-- 转存表中的数据 `xc_role_nav`
--

INSERT INTO `xc_role_nav` (`id`, `name`, `status`, `sort`) VALUES
(1, '系统配置', 1, 16),
(2, '首页', 1, 1),
(7, '会员', 1, 3),
(8, '前台设置', 1, 11),
(9, '后台权限', 1, 14),
(16, '学院', 1, 17);

-- --------------------------------------------------------

--
-- 表的结构 `xc_role_node`
--

CREATE TABLE IF NOT EXISTS `xc_role_node` (
  `id` int(11) NOT NULL AUTO_INCREMENT,
  `action` varchar(255) NOT NULL,
  `action_name` varchar(255) NOT NULL,
  `status` tinyint(1) NOT NULL,
  `module` varchar(255) NOT NULL,
  `module_name` varchar(255) NOT NULL,
  `nav_id` int(11) NOT NULL COMMENT '从属于哪个模块组, 为0时表示不属于菜单节点',
  `sort` int(11) NOT NULL,
  `auth_type` tinyint(1) NOT NULL COMMENT '授权模式：1:模块授权(module) 2:操作授权(action) 0:节点授权(node)',
  PRIMARY KEY (`id`)
) ENGINE=MyISAM  DEFAULT CHARSET=utf8 AUTO_INCREMENT=604 ;

--
-- 转存表中的数据 `xc_role_node`
--

INSERT INTO `xc_role_node` (`id`, `action`, `action_name`, `status`, `module`, `module_name`, `nav_id`, `sort`, `auth_type`) VALUES
(5, 'main', '首页', 1, 'Index', '管理首页', 2, 1, 0),
(563, 'index', '活动列表', 1, 'Article', '活动模块', 2, 276, 0),
(22, 'typeMessage', '普通留言', 1, 'Message', '留言评论管理', 5, 17, 0),
(153, 'index', '调查列表', 0, 'Vote', '调查管理', 8, 118, 0),
(27, 'index', '订单列表', 1, 'Order', '订单管理', 6, 21, 0),
(580, 'index', '帮助中心列表', 1, 'Page', '帮助中心管理', 8, 293, 0),
(598, 'index', '课程列表', 1, 'Class', '课程模块', 16, 311, 0),
(30, 'index', '会员列表', 1, 'User', '会员管理', 7, 24, 0),
(31, 'add', '会员添加', 0, 'User', '会员管理', 7, 25, 0),
(36, 'index', '系统设置', 1, 'SysConf', '系统设置', 1, 1, 0),
(37, 'index', '管理员列表', 1, 'Admin', '管理员管理', 9, 31, 0),
(38, 'index', '权限组别列表', 1, 'Role', '权限组别管理', 9, 32, 0),
(42, 'index', '后台权限节点列表', 1, 'RoleNode', '后台权限节点管理', 9, 33, 0),
(43, 'index', '后台导航菜单列表', 1, 'RoleNav', '后台菜单管理', 9, 34, 0),
(44, 'index', '配送地区列表', 0, 'RegionConf', '地区设置', 12, 35, 0),
(58, 'index', '数据库备份', 1, 'Database', '数据库操作', 14, 42, 0),
(596, 'index', '考试分类模块', 1, 'ExamCate', '考试分类管理', 16, 309, 0),
(597, 'index', '考试列表', 1, 'Exam', '考试模块', 16, 310, 0),
(65, '', '', 1, 'Article', '优惠促销模块管理', 0, 48, 1),
(66, '', '', 1, 'ArticleCate', '资讯分类模块管理', 0, 49, 1),
(583, '', '', 1, 'Construction', '在建工地模块管理', 0, 296, 1),
(251, 'insert', '添加提交', 1, 'User', '会员模块', 0, 176, 0),
(70, '', '', 1, 'User', '会员模块管理', 0, 53, 1),
(582, 'index', '机构模块列表', 1, 'Designer', '机构模块管理', 7, 295, 0),
(581, '', '', 1, 'Designer', '设计师模块管理', 0, 294, 1),
(273, 'foreverdelete', '日志删除', 1, 'Log', '后台日志模块', 0, 198, 0),
(74, '', '', 1, 'Log', '日志操作模块管理', 0, 57, 1),
(76, '', '', 1, 'Database', '数据库模块管理', 0, 59, 1),
(77, '', '', 1, 'SysConf', '系统配置模块管理', 0, 60, 1),
(78, '', '', 1, 'LangConf', '网站设置', 0, 61, 1),
(79, '', '', 1, 'Admin', '管理员模块管理', 0, 62, 1),
(81, 'batch', '图片批量处理', 0, 'GoodsGallery', '图片处理', 2, 64, 0),
(82, '', '', 0, 'GoodsGallery', '图片处理', 0, 65, 1),
(578, 'index', '帮助中心分类列表', 0, 'PageCate', '帮助中心分类', 8, 291, 0),
(86, 'index', '重量列表', 0, 'Weight', '重量管理', 12, 68, 0),
(87, 'index', '配送列表', 0, 'Delivery', '配送方式', 12, 69, 0),
(88, 'template', '邮件模板', 1, 'Email', '邮件模块', 13, 70, 0),
(89, 'addressList', '地址列表', 1, 'Email', '邮件模块', 13, 71, 0),
(90, 'mailList', '邮件列表', 1, 'Email', '邮件模块', 13, 72, 0),
(566, 'index', '公司管理', 0, 'Company', '公司管理', 7, 279, 0),
(565, '', '', 1, 'Company', '公司管理模块', 0, 278, 1),
(577, '', '', 1, 'PageCate', '帮助中心分类模块', 0, 290, 0),
(107, 'index', '列表操作', 1, '', '', 0, 89, 2),
(108, 'add', '添加操作', 1, '', '', 0, 90, 2),
(109, 'insert', '执行添加操作', 1, '', '', 0, 91, 2),
(110, 'edit', '编辑操作', 1, '', '', 0, 92, 2),
(111, 'update', '执行编辑操作', 1, '', '', 0, 93, 2),
(587, '', '', 1, 'Comment', '案例评论模块管理', 0, 300, 1),
(588, 'index', '案例评论列表', 0, 'Comment', '案例评论管理', 2, 301, 0),
(586, 'index', '课程报名列表', 1, 'Booking', '课程报名管理', 16, 299, 0),
(591, '', '', 1, 'Link', '友情链接管理', 0, 304, 1),
(585, '', '', 1, 'Booking', '预约报名模块管理', 0, 298, 1),
(584, 'index', '招聘列表', 1, 'Construction', '招聘管理', 2, 297, 0),
(145, 'index', '短信平台列表', 1, 'Sms', '短信平台管理', 13, 117, 0),
(147, 'index', '后台日志列表', 1, 'Log', '后台日志管理', 1, 118, 0),
(154, 'index', '商品类型管理', 0, 'GoodsType', '商品类型管理', 2, 11, 0),
(149, 'index', 'SQL操作', 1, 'Sql', 'SQL操作', 14, 120, 0),
(151, 'doUpload', '编辑器图片上传', 1, 'FileUpload', '图片通用上传', 0, 121, 0),
(155, 'index', '短信发送列表', 1, 'SmsSend', '短信发送管理', 13, 123, 0),
(156, 'add', '添加短信', 1, 'SmsSend', '短信发送管理', 13, 124, 0),
(157, 'index', '短信发送日志', 1, 'SmsSendLog', '短信日志管理', 13, 125, 0),
(160, '', '', 1, 'Adv', '广告', 0, 0, 1),
(161, '', '', 1, 'AdvPosition', '广告位', 0, 0, 1),
(592, 'index', '友情链接列表', 1, 'Link', '友情链接管理', 8, 305, 0),
(165, '', '', 1, 'FileUpload', '文件上传', 0, 0, 1),
(590, 'index', '资讯列表', 1, 'News', '资讯模块', 2, 303, 0),
(589, '', '', 1, 'News', '资讯模块', 0, 302, 1),
(593, 'index', '站内公告', 1, 'Announcement', '站内公告管理', 2, 306, 0),
(182, '', '', 1, 'Role', '管理员组', 0, 0, 1),
(183, '', '', 1, 'RoleNav', '后台菜单', 0, 0, 1),
(184, '', '', 1, 'RoleNode', '权限节点', 0, 0, 1),
(189, '', '', 1, 'Sql', 'Sql模块', 0, 0, 1),
(198, 'edit&id=1', '网站设置', 1, 'LangConf', '网站设置', 1, 10, 0),
(199, 'statistics', '短信发送统计', 1, 'SmsSendLog', '短信日志管理', 13, 128, 0),
(594, '', '', 1, 'Announcement', '站内信息模块', 0, 307, 1),
(204, 'index', '短信订阅列表', 1, 'SmsSubscribe', '短信订阅管理', 13, 129, 0),
(599, 'index', '学校列表', 1, 'School', '学校模块', 16, 312, 0),
(600, 'index', '专业列表', 1, 'Major', '专业列表', 16, 313, 0),
(227, 'insert', '添加提交', 1, 'Article', '优惠促销模块', 0, 152, 0),
(229, 'update', '编辑提交', 1, 'Article', '优惠促销模块', 0, 154, 0),
(232, 'insert', '添加提交', 1, 'ArticleCate', '资讯分类模块', 0, 157, 0),
(234, 'update', '编辑提交', 1, 'ArticleCate', '资讯分类模块', 0, 159, 0),
(252, 'edit', '会员编辑', 1, 'User', '会员模块', 0, 177, 0),
(253, 'update', '编辑提交', 1, 'User', '会员模块', 0, 178, 0),
(254, 'foreverdelete', '彻底删除', 1, 'User', '会员模块', 0, 179, 0),
(255, 'forbid', '会员禁用', 1, 'User', '会员模块', 0, 180, 0),
(256, 'resume', '会员恢复', 1, 'User', '会员模块', 0, 181, 0),
(257, 'download', '会员模板导出', 1, 'User', '会员模块', 0, 182, 0),
(258, 'importInsert', '会员导入提交', 1, 'User', '会员模块', 0, 183, 0),
(259, 'showdetail', '查看详情', 1, 'User', '会员模块', 0, 184, 0),
(260, 'import', '会员导入', 1, 'User', '会员模块', 0, 185, 0),
(579, '', '', 1, 'Page', '帮助中心模块', 0, 292, 1),
(576, 'index', '焦点图片列表', 1, 'Flashimg', '焦点图片管理', 8, 289, 0),
(575, '', '', 1, 'Flashimg', '焦点图片模块', 0, 288, 1),
(574, 'index', '合作伙伴列表', 1, 'Brand', '合作伙伴管理', 8, 287, 0),
(573, '', '', 1, 'Brand', '合作伙伴管理模块', 0, 286, 1),
(283, 'delete', '备份删除', 1, 'Database', '数据库模块', 0, 208, 0),
(284, 'restore', '恢复备份', 1, 'Database', '数据库模块', 0, 209, 0),
(285, 'update', '更新配置', 1, 'SysConf', '系统配置模块', 0, 210, 0),
(287, 'update', '提交设置', 1, 'LangConf', '网站设置', 0, 212, 0),
(288, 'add', '管理员添加', 1, 'Admin', '管理员模块', 0, 213, 0),
(289, 'insert', '添加提交', 1, 'Admin', '管理员模块', 0, 214, 0),
(290, 'edit', '管理员编辑', 1, 'Admin', '管理员模块', 0, 215, 0),
(291, 'update', '更新提交', 1, 'Admin', '管理员模块', 0, 216, 0),
(292, 'foreverdelete', '管理员删除', 1, 'Admin', '管理员模块', 0, 217, 0),
(293, 'forbid', '禁用管理员', 1, 'Admin', 'Admin', 0, 218, 0),
(294, 'resume', '恢复管理员', 1, 'Admin', 'Admin', 0, 219, 0),
(341, 'insert', '添加提交', 1, 'Adv', 'Adv', 0, 266, 0),
(343, 'update', '编辑提交', 1, 'Adv', 'Adv', 0, 268, 0),
(347, 'insert', '添加提交', 1, 'AdvPosition', 'AdvPosition', 0, 272, 0),
(349, 'update', '编辑提交', 1, 'AdvPosition', 'AdvPosition', 0, 274, 0),
(350, 'foreverdelete', '永久删除', 1, 'AdvPosition', 'AdvPosition', 0, 275, 0),
(564, 'index', '资讯分类列表', 1, 'ArticleCate', '资讯分类模块', 2, 277, 0),
(595, 'index', '登录错误日志', 1, 'LoginRecord', '登录错误记录', 1, 308, 0),
(601, 'index', '考试日历列表', 1, 'ExamCan', '考试日历模块', 16, 314, 0),
(602, 'index', '课程分类列表', 1, 'ClassStyle', '课程分类模块', 16, 315, 0),
(603, 'index', '行业列表', 1, 'ClassTrade', '行业模块', 16, 316, 0);

-- --------------------------------------------------------

--
-- 表的结构 `xc_school`
--

CREATE TABLE IF NOT EXISTS `xc_school` (
  `id` int(11) NOT NULL AUTO_INCREMENT,
  `name` varchar(100) NOT NULL COMMENT '学校名称',
  `logo` varchar(100) NOT NULL COMMENT '学校logo',
  `desc` varchar(500) NOT NULL COMMENT '学校简介',
  `detail` text NOT NULL COMMENT '描述',
  `sort` int(11) NOT NULL,
  PRIMARY KEY (`id`)
) ENGINE=MyISAM  DEFAULT CHARSET=utf8 AUTO_INCREMENT=4 ;

--
-- 转存表中的数据 `xc_school`
--

INSERT INTO `xc_school` (`id`, `name`, `logo`, `desc`, `detail`, `sort`) VALUES
(3, '安徽财贸职业学院', '', '安徽财贸职业学院升级重点专科院校', '安徽财贸职业学院升级重点专科院校', 0);

-- --------------------------------------------------------

--
-- 表的结构 `xc_sys_conf`
--

CREATE TABLE IF NOT EXISTS `xc_sys_conf` (
  `id` int(11) NOT NULL AUTO_INCREMENT,
  `name` varchar(255) NOT NULL,
  `val` text NOT NULL,
  `status` tinyint(1) NOT NULL,
  `sort` int(11) NOT NULL,
  `list_type` tinyint(1) NOT NULL COMMENT '0:手动输入 1:单选 2:下拉 3:文本域 4:图像',
  `val_arr` varchar(255) NOT NULL COMMENT '可选的值的集合。序列化存放',
  `group_id` tinyint(2) NOT NULL,
  `is_show` tinyint(1) NOT NULL DEFAULT '1',
  PRIMARY KEY (`id`),
  KEY `inx_sys_conf_001` (`status`,`name`),
  KEY `inx_sys_conf_002` (`name`)
) ENGINE=MyISAM  DEFAULT CHARSET=utf8 AUTO_INCREMENT=143 ;

--
-- 转存表中的数据 `xc_sys_conf`
--

INSERT INTO `xc_sys_conf` (`id`, `name`, `val`, `status`, `sort`, `list_type`, `val_arr`, `group_id`, `is_show`) VALUES
(3, 'SHOP_CLOSED', '0', 1, 3, 1, '0,1', 1, 1),
(4, 'SHOP_REG_CLOSED', '0', 1, 4, 2, '0,1', 4, 1),
(6, 'SHOP_LOGO', '/Public/upload/public/201203/4f6053e1359d2.jpg', 1, 6, 4, '', 1, 1),
(7, 'SN_PREFIX', 'FW_', 1, 7, 0, '', 2, 1),
(8, 'WATER_MARK', '0', 1, 8, 1, '0,1', 2, 1),
(9, 'BIG_WIDTH', '410', 1, 9, 0, '', 2, 1),
(10, 'BIG_HEIGHT', '490', 1, 10, 0, '', 2, 1),
(11, 'SMALL_WIDTH', '300', 1, 11, 0, '', 2, 1),
(12, 'SMALL_HEIGHT', '300', 1, 12, 0, '', 2, 1),
(13, 'WATER_IMAGE', '/Public/upload/public/201101/4d2bcc571fad3.png', 1, 13, 4, '', 2, 1),
(14, 'WATER_POSITION', '4', 1, 14, 2, '1,2,3,4,5', 2, 1),
(15, 'WATER_ALPHA', '50', 1, 15, 0, '', 2, 1),
(16, 'DB_VOL_MAXSIZE', '108000000', 1, 16, 0, '', 1, 1),
(18, 'GOODS_PAGE_LISTROWS', '14', 1, 18, 0, '', 2, 1),
(20, 'ARTICLE_PAGE_LISTROWS', '10', 1, 20, 0, '', 4, 0),
(21, 'GOODS_SHORT_NAME', '7', 1, 21, 0, '', 2, 0),
(22, 'ARTICLE_SHORT_NAME', '5', 1, 22, 0, '', 4, 0),
(23, 'USE_STOCK', '1', 1, 23, 1, '0,1', 2, 0),
(25, 'USER_AUTO_REG', '0', 1, 25, 1, '0,1', 4, 1),
(26, 'MESSAGE_INTEVAL', '10', 1, 26, 0, '', 5, 1),
(27, 'MESSAGE_AUTO_CHECK', '1', 1, 27, 1, '0,1', 5, 1),
(28, 'MESSAGE_USER_ONLY', '1', 1, 28, 1, '0,1', 5, 1),
(29, 'USER_CART', '0', 1, 29, 1, '0,1', 6, 0),
(30, 'CART_MAX_TIME', '36000', 1, 30, 0, '', 6, 0),
(31, 'URL_ROUTE', '1', 1, 31, 2, '0,1', 1, 1),
(32, 'APP_LOG', '1', 1, 32, 2, '0,1', 1, 1),
(33, 'URL_MODEL', '2', 1, 33, 2, '0,2', 1, 1),
(34, 'SHOP_NAME', '金鹏', 1, 15, 0, '', 1, 1),
(106, 'PAYMENT_SMS', '1', 1, 81, 2, '0,1', 11, 1),
(36, 'VERIFY_ON', '0', 1, 36, 2, '0,1', 1, 0),
(37, 'RELATE_GOODS_COUNT', '2', 1, 37, 0, '', 2, 0),
(38, 'RELATE_ARTICLE_COUNT', '10', 1, 38, 0, '', 4, 0),
(42, 'DEFAULT_LANG', 'zh-cn', 1, 40, 2, '', 1, 0),
(43, 'SYS_ADMIN', 'admin', 1, 41, 0, '', 1, 1),
(44, 'NO_PIC', '', 1, 42, 4, '', 1, 0),
(45, 'MAX_UPLOAD', '30000000000', 1, 43, 0, '', 1, 1),
(46, 'ALLOW_UPLOAD_EXTS', 'jpg,gif,png,jpeg,rar,zip,swf', 1, 44, 0, '', 1, 1),
(47, 'IS_INQUIRY', '0', 1, 45, 2, '0,1', 2, 0),
(48, 'TOKEN_ON', '0', 1, 46, 2, '0,1', 1, 1),
(50, 'MAIL_ON', '1', 1, 48, 2, '0,1', 7, 1),
(51, 'GET_PASSWORD', '0', 1, 49, 2, '0,1', 1, 0),
(53, 'SMTP_SERVER', 'smtp.163.com', 1, 51, 0, '', 7, 1),
(54, 'SMTP_PORT', '25', 1, 52, 0, '', 7, 1),
(55, 'SMTP_ACCOUNT', 'fanwe@163.com', 1, 53, 0, '', 7, 1),
(56, 'SMTP_PASSWORD', 'fanwe', 1, 54, 0, '', 7, 1),
(57, 'REPLY_ADDRESS', 'fanwe@163.com', 1, 55, 0, '', 7, 1),
(58, 'SMTP_AUTH', '1', 1, 56, 2, '0,1', 7, 1),
(62, 'SCORE_RADIO', '0.1', 1, 57, 0, '', 1, 0),
(63, 'DEFAULT_SCORE', '10', 1, 58, 0, '', 4, 1),
(64, 'KEYWORDS_LIMIT', '8', 1, 59, 0, '', 1, 0),
(65, 'BG_COLOR', '#ffffff', 1, 60, 0, '', 1, 1),
(66, 'FLASH_STYLE', 'default', 1, 61, 2, 'default,dynfocus,redfocus,pinkfocus', 0, 1),
(69, 'BRAND_LIMIT', '6', 1, 64, 0, '', 2, 0),
(70, 'USER_AUTH_KEY', 'xc_cms', 1, 65, 0, '', 1, 1),
(71, 'DEFAULT_USER_GROUP', '1', 1, 66, 2, '', 4, 1),
(72, 'TIME_ZONE', '8', 1, 67, 0, '', 1, 1),
(73, 'TAX_RADIO', '0', 1, 68, 0, '', 6, 1),
(74, 'BASE_CURRENCY_UNIT', '¥', 1, 69, 0, '', 1, 1),
(75, 'HISTORY_COUNT', '5', 1, 70, 0, '', 1, 0),
(76, 'COMPARE_COUNT', '5', 1, 71, 0, '', 1, 0),
(77, 'PRICE_LEVEL', '5', 1, 72, 0, '', 1, 0),
(78, 'TOP_SALES', '5', 1, 73, 0, '', 1, 0),
(79, 'COMMENT_LIMIT', '5', 1, 74, 0, '', 1, 0),
(80, 'SHOP_NEWS_LIMIT', '5', 1, 75, 0, '', 1, 0),
(83, 'REFERRALS_MONEY', '20', 1, 78, 0, '', 4, 1),
(85, 'MSN_SERVICES', '', 1, 1, 0, '', 1, 1),
(86, 'QQ_SERVICES', '', 1, 1, 0, '', 1, 1),
(100, 'IS_SMS', '0', 1, 80, 2, '0,1', 11, 1),
(99, 'CLOSE_USERMONEY', '0', 1, 1, 2, '0,1', 4, 1),
(94, 'AUTO_SEND_SMS', '1', 1, 81, 2, '0,1', 11, 1),
(95, 'AUTO_RUN_ING', '0', 1, 1, 0, '0,1', 1, 0),
(96, 'AUTO_RUN_BEGIN_TIME', '1278012877', 1, 1, 0, ' ', 1, 0),
(97, 'AUTO_REFERRAL', '1', 1, 1, 2, '0,1', 4, 1),
(98, 'SYS_VERSION', '0.5', 1, 1, 0, '', 0, 0),
(115, 'AUTO_GEN_IMAGE', '1', 1, 1, 2, '0,1', 2, 1),
(116, 'SMS_SEND_LOG', '1', 1, 83, 2, '0,1', 11, 1),
(117, 'SMS_SEND_NEW_GOODS', '1', 1, 84, 2, '0,1', 11, 1),
(118, 'PAY_SHOW_TYPE', '0', 1, 0, 2, '0,1', 6, 1),
(103, 'IS_SSL', '0', 1, 1, 1, '0,1', 7, 1),
(104, 'FOOT_LOGO', '/Public/upload/public/201005/4bee507c84759.gif', 1, 1, 4, '', 1, 1),
(105, 'TEL', '400-800-0000', 1, 80, 0, '', 1, 1),
(107, 'DELIVERY_SMS', '1', 1, 82, 2, '0,1', 11, 1),
(108, 'GROUP_MAIL_TMPL', 'meituan', 1, 1, 0, ' ', 1, 0),
(109, 'SEND_PAID_MAIL', '1', 1, 1, 2, '0,1', 7, 1),
(110, 'SEND_DELIVERY_MAIL', '1', 1, 1, 2, '0,1', 7, 1),
(111, 'SEND_GROUPBOND_MAIL', '1', 1, 1, 2, '0,1', 7, 1),
(112, 'FREE_DELIVERY_LIMIT', '999999', 1, 1, 0, ' ', 6, 1),
(113, 'REFERRAL_TIME', '72', 1, 1, 0, ' ', 4, 1),
(114, 'REFERRAL_TYPE', '0', 1, 1, 2, '0,1', 4, 1),
(119, 'OPEN_ECV', '1', 1, 1, 2, '0,1', 4, 1),
(120, 'CLOSE_USERUNCHARGE', '0', 1, 1, 2, '0,1', 4, 1),
(121, 'EXPIRED_TIME', '1800', 1, 1, 0, '', 1, 1),
(122, 'ALLOW_TK', '0', 1, 2, 2, '0,1', 5, 1),
(123, 'ALLOW_TH', '0', 1, 1, 2, '0,1', 5, 1),
(125, 'SMS_SUBSCRIBE', '1', 1, 84, 2, '0,1', 11, 1),
(126, 'SMS_SUBSCRIBE_EXPIRE', '24', 1, 84, 0, '', 11, 1),
(129, 'AUTO_SEND_ING', '0', 1, 1, 0, '', 1, 0),
(130, 'AUTO_SEND_BEGIN_TIME', '1278012872', 1, 1, 0, '', 1, 0),
(131, 'SMS_LIMIT', '3', 1, 1, 0, '', 11, 1),
(132, 'AUTO_SEND_MAIL_ING', '0', 1, 1, 0, '', 1, 0),
(133, 'AUTO_SEND_MAIL_BEGIN_TIME', '1278012872', 1, 1, 0, '', 1, 0),
(134, 'MOBILE_PHONE_MUST', '0', 1, 1, 2, '0,1', 4, 1),
(135, 'REFERRALS_LIMIT_TIME', '1', 1, 1, 0, '', 4, 1),
(136, 'ADMIN_FILE_NAME', 'admin.php', 1, 1, 0, '', 1, 1),
(137, 'GOODS_SMS_SEND_TYPE', '2', 1, 84, 2, '0,1,2', 11, 1),
(138, 'GZIP_ON', '0', 1, 1, 2, '0,1', 1, 1),
(139, 'SMS_SEND_OTHER', '1', 1, 1, 2, '0,1', 6, 1),
(141, 'DB_PCONNECT', '0', 1, 1, 2, '0,1', 1, 1),
(142, 'REFERRALS_IP_LIMIT', '0', 1, 1, 2, '0,1', 4, 1);

-- --------------------------------------------------------

--
-- 表的结构 `xc_tag`
--

CREATE TABLE IF NOT EXISTS `xc_tag` (
  `id` int(11) unsigned NOT NULL AUTO_INCREMENT,
  `name` varchar(255) NOT NULL,
  `count` mediumint(6) unsigned NOT NULL,
  `module` varchar(100) NOT NULL,
  PRIMARY KEY (`id`),
  KEY `name` (`name`),
  KEY `module` (`module`)
) ENGINE=MyISAM  DEFAULT CHARSET=utf8 AUTO_INCREMENT=29 ;

--
-- 转存表中的数据 `xc_tag`
--

INSERT INTO `xc_tag` (`id`, `name`, `count`, `module`) VALUES
(1, '田园', 2, 'Case'),
(2, '风格', 3, 'Case'),
(3, '100w', 3, 'Case'),
(4, '港城', 1, 'Case'),
(5, '地中海', 4, 'Case'),
(6, '便宜', 1, 'Case'),
(7, '简约', 3, 'Case'),
(8, '时尚', 4, 'Case'),
(9, '四方景园', 1, 'Case'),
(10, '欧美', 1, 'Case'),
(11, '大体', 1, 'Case'),
(12, '漂亮', 1, 'Case'),
(13, '1', 1, 'Case'),
(14, '得得 中式 200', 1, 'Case'),
(15, '富士达', 1, 'Case'),
(16, 'fd', 1, 'Case'),
(17, 's', 1, 'Case'),
(18, '中式', 1, 'Case'),
(19, '2', 1, 'Case'),
(20, '3', 1, 'Case'),
(21, '4', 1, 'Case'),
(22, '5', 2, 'Case'),
(23, '6', 2, 'Case'),
(24, '7', 2, 'Case'),
(25, '8', 2, 'Case'),
(26, '9', 1, 'Case'),
(27, '非', 1, 'Case'),
(28, '更烦', 1, 'Case');

-- --------------------------------------------------------

--
-- 表的结构 `xc_tagged`
--

CREATE TABLE IF NOT EXISTS `xc_tagged` (
  `id` int(11) unsigned NOT NULL AUTO_INCREMENT,
  `uid` int(11) unsigned NOT NULL,
  `record_id` int(11) unsigned NOT NULL,
  `tag_id` int(11) unsigned NOT NULL,
  `create_time` int(11) unsigned NOT NULL,
  `module` varchar(25) NOT NULL,
  PRIMARY KEY (`id`),
  KEY `module` (`module`)
) ENGINE=MyISAM  DEFAULT CHARSET=utf8 AUTO_INCREMENT=53 ;

--
-- 转存表中的数据 `xc_tagged`
--

INSERT INTO `xc_tagged` (`id`, `uid`, `record_id`, `tag_id`, `create_time`, `module`) VALUES
(25, 2, 12, 4, 1337182413, 'Case'),
(24, 2, 12, 3, 1337182413, 'Case'),
(23, 2, 12, 2, 1337182413, 'Case'),
(22, 2, 12, 1, 1337182413, 'Case'),
(5, 2, 7, 5, 1337178865, 'Case'),
(6, 2, 7, 3, 1337178865, 'Case'),
(7, 2, 7, 6, 1337178865, 'Case'),
(8, 2, 10, 5, 1337178904, 'Case'),
(9, 2, 10, 7, 1337178904, 'Case'),
(10, 2, 10, 8, 1337178904, 'Case'),
(11, 2, 11, 9, 1337178940, 'Case'),
(12, 2, 11, 1, 1337178940, 'Case'),
(13, 2, 11, 7, 1337178940, 'Case'),
(14, 2, 9, 5, 1337178967, 'Case'),
(15, 2, 9, 3, 1337178967, 'Case'),
(16, 2, 9, 8, 1337178967, 'Case'),
(17, 2, 6, 10, 1337178993, 'Case'),
(18, 2, 6, 8, 1337178993, 'Case'),
(19, 2, 6, 11, 1337178993, 'Case'),
(20, 2, 5, 5, 1337179019, 'Case'),
(21, 2, 5, 12, 1337179019, 'Case'),
(26, 2, 12, 7, 1337182413, 'Case'),
(27, 2, 12, 8, 1337182413, 'Case'),
(28, 61, 13, 13, 1338175181, 'Case'),
(29, 70, 14, 14, 1338182618, 'Case'),
(31, 70, 15, 15, 1338182770, 'Case'),
(32, 39, 24, 16, 1338259823, 'Case'),
(33, 39, 25, 17, 1338788202, 'Case'),
(35, 83, 26, 18, 1338794278, 'Case'),
(36, 83, 27, 19, 1338794306, 'Case'),
(37, 83, 28, 20, 1338794386, 'Case'),
(38, 83, 29, 21, 1338794402, 'Case'),
(39, 83, 30, 22, 1338794420, 'Case'),
(40, 83, 31, 23, 1338794439, 'Case'),
(41, 83, 32, 24, 1338794454, 'Case'),
(42, 83, 33, 25, 1338794475, 'Case'),
(43, 83, 34, 26, 1338794518, 'Case'),
(44, 83, 35, 22, 1338794611, 'Case'),
(48, 83, 36, 23, 1338796804, 'Case'),
(46, 83, 37, 24, 1338794647, 'Case'),
(47, 83, 38, 25, 1338796374, 'Case'),
(49, 83, 39, 27, 1338797249, 'Case'),
(50, 83, 41, 2, 1339401084, 'Case'),
(51, 83, 42, 2, 1339401108, 'Case'),
(52, 83, 43, 28, 1339401121, 'Case');

-- --------------------------------------------------------

--
-- 表的结构 `xc_user`
--

CREATE TABLE IF NOT EXISTS `xc_user` (
  `id` int(11) NOT NULL AUTO_INCREMENT,
  `user_name` varchar(255) NOT NULL,
  `user_pwd` varchar(255) NOT NULL,
  `status` tinyint(1) NOT NULL,
  `create_time` int(11) NOT NULL,
  `update_time` int(11) NOT NULL,
  `register_ip` varchar(16) NOT NULL COMMENT '注册ip',
  `last_ip` varchar(16) NOT NULL,
  `last_login_time` int(10) NOT NULL COMMENT '最后登录时候',
  `real_name` varchar(100) NOT NULL,
  `age` int(10) NOT NULL,
  `sex` tinyint(1) NOT NULL,
  `email` varchar(255) NOT NULL,
  `qq` varchar(255) NOT NULL,
  `msn` varchar(255) NOT NULL,
  `alim` varchar(255) NOT NULL,
  `province` varchar(15) NOT NULL,
  `city` varchar(30) NOT NULL,
  `towns` varchar(30) NOT NULL,
  `address` varchar(255) NOT NULL,
  `tel` varchar(255) NOT NULL,
  `shequ` varchar(100) NOT NULL,
  `fax_phone` varchar(255) NOT NULL,
  `mobile` varchar(30) NOT NULL,
  `zip` varchar(255) NOT NULL,
  `avator` varchar(100) NOT NULL COMMENT '头像',
  `pwd_question` varchar(255) NOT NULL,
  `pwd_answer` varchar(255) NOT NULL,
  `score` int(11) NOT NULL,
  `money` float(10,4) NOT NULL,
  `type` tinyint(1) DEFAULT '0' COMMENT '1为个人,2为企业',
  `subscribe` tinyint(1) NOT NULL DEFAULT '0',
  `active` tinyint(1) NOT NULL DEFAULT '0' COMMENT '是否完善信息',
  `reset_sn` varchar(200) NOT NULL,
  `parent_id` int(11) NOT NULL,
  `sync_flag` int(11) DEFAULT '0',
  `birthday` int(10) DEFAULT '0',
  `birthmonth` tinyint(2) NOT NULL,
  `birthyear` mediumint(5) NOT NULL,
  `buy_count` int(11) NOT NULL DEFAULT '0',
  `is_receive_sms` tinyint(1) NOT NULL DEFAULT '1',
  `ucenter_id` int(10) DEFAULT NULL,
  `ucenter_id_tmp` int(10) DEFAULT NULL,
  PRIMARY KEY (`id`),
  KEY `user_name` (`user_name`)
) ENGINE=MyISAM  DEFAULT CHARSET=utf8 AUTO_INCREMENT=96 ;

--
-- 转存表中的数据 `xc_user`
--

INSERT INTO `xc_user` (`id`, `user_name`, `user_pwd`, `status`, `create_time`, `update_time`, `register_ip`, `last_ip`, `last_login_time`, `real_name`, `age`, `sex`, `email`, `qq`, `msn`, `alim`, `province`, `city`, `towns`, `address`, `tel`, `shequ`, `fax_phone`, `mobile`, `zip`, `avator`, `pwd_question`, `pwd_answer`, `score`, `money`, `type`, `subscribe`, `active`, `reset_sn`, `parent_id`, `sync_flag`, `birthday`, `birthmonth`, `birthyear`, `buy_count`, `is_receive_sms`, `ucenter_id`, `ucenter_id_tmp`) VALUES
(48, '123', '7fa8282ad93047a4d6fe6111c93b308a', 1, 1337669084, 1337669084, '', '', 0, '', 0, 1, '1321684654@qq.com', '', '', '', '', '', '', '', '', '', '', '13348465465', '', '', '', '', 0, 0.0000, 1, 0, 1, '', 0, 0, 0, 0, 0, 0, 1, NULL, NULL),
(57, '杨小洪', '96e79218965eb72c92a549dd5a330112', 1, 1337764675, 1337764675, '', '', 0, '', 0, 0, '1367738319@qq.com', '', '', '', '', '', '', '', '', '', '', '13572717271', '', '', '', '', 0, 0.0000, 1, 0, 0, '', 0, 0, 0, 0, 0, 0, 1, NULL, NULL);

-- --------------------------------------------------------

--
-- 表的结构 `xc_user_qq`
--

CREATE TABLE IF NOT EXISTS `xc_user_qq` (
  `id` int(10) NOT NULL AUTO_INCREMENT,
  `qq` varchar(20) NOT NULL,
  `create_time` int(10) NOT NULL,
  `update_time` int(10) NOT NULL,
  `status` tinyint(1) NOT NULL,
  `uid` int(10) NOT NULL,
  PRIMARY KEY (`id`)
) ENGINE=MyISAM  DEFAULT CHARSET=utf8 AUTO_INCREMENT=33 ;

--
-- 转存表中的数据 `xc_user_qq`
--

INSERT INTO `xc_user_qq` (`id`, `qq`, `create_time`, `update_time`, `status`, `uid`) VALUES
(16, '1357332737', 1338045898, 0, 1, 2),
(21, '', 1338171672, 0, 1, 39),
(24, '51511515', 1338792409, 0, 1, 83),
(12, '12345', 1337186234, 0, 1, 27),
(23, '465461', 1338183019, 0, 1, 70),
(25, '123412434343', 1338798492, 0, 1, 62),
(27, '6512626', 1339400981, 0, 1, 83),
(28, '516516', 1339467386, 0, 1, 83),
(29, '165165', 1339467386, 0, 1, 83),
(32, '23241235432', 1339470034, 0, 1, 90),
(31, '165165', 1339467386, 0, 1, 83);

-- --------------------------------------------------------

--
-- 表的结构 `xc_watchlist`
--

CREATE TABLE IF NOT EXISTS `xc_watchlist` (
  `id` int(11) NOT NULL AUTO_INCREMENT,
  `uid` int(11) NOT NULL,
  `select_uid` int(10) NOT NULL COMMENT '企业ID',
  `fid` int(11) NOT NULL COMMENT '关联案例ID',
  `create_time` int(11) unsigned DEFAULT NULL,
  `model` varchar(100) NOT NULL,
  `status` tinyint(1) NOT NULL DEFAULT '0',
  PRIMARY KEY (`id`),
  KEY `gid` (`fid`)
) ENGINE=MyISAM  DEFAULT CHARSET=utf8 AUTO_INCREMENT=8 ;

--
-- 转存表中的数据 `xc_watchlist`
--

INSERT INTO `xc_watchlist` (`id`, `uid`, `select_uid`, `fid`, `create_time`, `model`, `status`) VALUES
(1, 3, 83, 38, 1339404808, 'article', 1),
(4, 37, 0, 12, 1339468049, 'news', 1),
(6, 83, 0, 22, 1339468501, 'shequ', 1),
(5, 37, 70, 17, 1339468245, 'article', 1),
(7, 83, 0, 1, 1340608931, 'shequ', 1);

/*!40101 SET CHARACTER_SET_CLIENT=@OLD_CHARACTER_SET_CLIENT */;
/*!40101 SET CHARACTER_SET_RESULTS=@OLD_CHARACTER_SET_RESULTS */;
/*!40101 SET COLLATION_CONNECTION=@OLD_COLLATION_CONNECTION */;
